series_id,year,period,value,footnotes
WPUFD4,2025,M09,149.638,Preliminary. All indexes are subject to monthly revisions up to four months after original publication.
WPUFD4,2025,M08,149.526,Preliminary. All indexes are subject to monthly revisions up to four months after original publication.
WPUFD4,2025,M07,149.885,Preliminary. All indexes are subject to monthly revisions up to four months after original publication.
WPUFD4,2025,M06,148.801,Preliminary. All indexes are subject to monthly revisions up to four months after original publication.
WPUFD4,2025,M05,148.427,
WPUFD4,2025,M04,148.009,
WPUFD4,2025,M03,148.319,
WPUFD4,2025,M02,148.169,
WPUFD4,2025,M01,147.604,
WPUFD4,2024,M12,146.189,
WPUFD4,2024,M11,145.994,
WPUFD4,2024,M10,146.291,
WPUFD4,2024,M09,145.671,
WPUFD4,2024,M08,145.589,
WPUFD4,2024,M07,145.264,
WPUFD4,2024,M06,145.321,
WPUFD4,2024,M05,144.504,
WPUFD4,2024,M04,144.563,
WPUFD4,2024,M03,143.784,
WPUFD4,2024,M02,143.260,
WPUFD4,2024,M01,142.186,
WPUFD4,2023,M12,141.267,
WPUFD4,2023,M11,141.869,
WPUFD4,2023,M10,142.258,
WPUFD4,2023,M09,142.618,
WPUFD4,2023,M08,142.641,
WPUFD4,2023,M07,141.871,
WPUFD4,2023,M06,141.181,
WPUFD4,2023,M05,140.912,
WPUFD4,2023,M04,141.303,
WPUFD4,2023,M03,140.995,
WPUFD4,2023,M02,140.956,
WPUFD4,2023,M01,140.713,
WPUFD4,2022,M12,139.780,
WPUFD4,2022,M11,140.785,
WPUFD4,2022,M10,140.740,
WPUFD4,2022,M09,140.066,
WPUFD4,2022,M08,139.965,
WPUFD4,2022,M07,140.284,
WPUFD4,2022,M06,140.819,
WPUFD4,2022,M05,139.419,
WPUFD4,2022,M04,138.179,
WPUFD4,2022,M03,137.341,
WPUFD4,2022,M02,134.581,
WPUFD4,2022,M01,133.074,
WPUFD4,2021,M12,131.344,
WPUFD4,2021,M11,131.090,
WPUFD4,2021,M10,130.097,
WPUFD4,2021,M09,129.116,
WPUFD4,2021,M08,128.755,
WPUFD4,2021,M07,127.824,
WPUFD4,2021,M06,126.6,
WPUFD4,2021,M05,125.5,
WPUFD4,2021,M04,124.3,
WPUFD4,2021,M03,123.0,
WPUFD4,2021,M02,121.9,
WPUFD4,2021,M01,120.9,
WPUFD4,2020,M12,119.4,
WPUFD4,2020,M11,119.3,
WPUFD4,2020,M10,119.5,
WPUFD4,2020,M09,118.7,
WPUFD4,2020,M08,118.5,
WPUFD4,2020,M07,118.4,
WPUFD4,2020,M06,117.7,
WPUFD4,2020,M05,117.3,
WPUFD4,2020,M04,116.7,
WPUFD4,2020,M03,118.1,
WPUFD4,2020,M02,118.4,
WPUFD4,2020,M01,119.0,
WPUFD4,2019,M12,118.4,
WPUFD4,2019,M11,118.3,
WPUFD4,2019,M10,118.8,
WPUFD4,2019,M09,118.3,
WPUFD4,2019,M08,118.8,
WPUFD4,2019,M07,118.7,
WPUFD4,2019,M06,118.5,
WPUFD4,2019,M05,118.6,
WPUFD4,2019,M04,118.5,
WPUFD4,2019,M03,117.7,
WPUFD4,2019,M02,117.1,
WPUFD4,2019,M01,116.7,
WPUFD4,2018,M12,116.8,
WPUFD4,2018,M11,117.1,
WPUFD4,2018,M10,117.6,
WPUFD4,2018,M09,116.6,
WPUFD4,2018,M08,116.6,
WPUFD4,2018,M07,116.8,
WPUFD4,2018,M06,116.6,
WPUFD4,2018,M05,116.2,
WPUFD4,2018,M04,115.7,
WPUFD4,2018,M03,115.4,
WPUFD4,2018,M02,114.9,
WPUFD4,2018,M01,114.5,
WPUFD4,2017,M12,113.8,
WPUFD4,2017,M11,114.1,
WPUFD4,2017,M10,114.1,
WPUFD4,2017,M09,113.5,
WPUFD4,2017,M08,113.2,
WPUFD4,2017,M07,113.0,
WPUFD4,2017,M06,112.9,
WPUFD4,2017,M05,112.7,
WPUFD4,2017,M04,112.7,
WPUFD4,2017,M03,112.1,
WPUFD4,2017,M02,111.8,
WPUFD4,2017,M01,111.6,
WPUFD4,2016,M12,111.0,
WPUFD4,2016,M11,110.8,
WPUFD4,2016,M10,111.0,
WPUFD4,2016,M09,110.6,
WPUFD4,2016,M08,110.5,
WPUFD4,2016,M07,110.8,
WPUFD4,2016,M06,110.8,
WPUFD4,2016,M05,110.2,
WPUFD4,2016,M04,110.0,
WPUFD4,2016,M03,109.7,
WPUFD4,2016,M02,109.6,
WPUFD4,2016,M01,109.7,
WPUFD4,2015,M12,109.1,
WPUFD4,2015,M11,109.4,
WPUFD4,2015,M10,109.8,
WPUFD4,2015,M09,109.9,
WPUFD4,2015,M08,110.5,
WPUFD4,2015,M07,110.8,
WPUFD4,2015,M06,110.6,
WPUFD4,2015,M05,110.2,
WPUFD4,2015,M04,109.8,
WPUFD4,2015,M03,109.8,
WPUFD4,2015,M02,109.5,
WPUFD4,2015,M01,109.7,
WPUFD4,2014,M12,110.3,
WPUFD4,2014,M11,110.8,
WPUFD4,2014,M10,111.4,
WPUFD4,2014,M09,111.1,
WPUFD4,2014,M08,111.6,
WPUFD4,2014,M07,111.6,
WPUFD4,2014,M06,111.2,
WPUFD4,2014,M05,111.1,
WPUFD4,2014,M04,111.0,
WPUFD4,2014,M03,110.8,
WPUFD4,2014,M02,110.1,
WPUFD4,2014,M01,109.7,
WPUFD4,2013,M12,109.3,
WPUFD4,2013,M11,109.4,
WPUFD4,2013,M10,109.7,
WPUFD4,2013,M09,109.4,
WPUFD4,2013,M08,109.5,
WPUFD4,2013,M07,109.5,
WPUFD4,2013,M06,109.2,
WPUFD4,2013,M05,108.8,
WPUFD4,2013,M04,109.0,
WPUFD4,2013,M03,109.1,
WPUFD4,2013,M02,108.8,
WPUFD4,2013,M01,108.3,
WPUFD4,2012,M12,108.0,
WPUFD4,2012,M11,108.2,
WPUFD4,2012,M10,108.3,
WPUFD4,2012,M09,108.2,
WPUFD4,2012,M08,107.7,
WPUFD4,2012,M07,107.4,
WPUFD4,2012,M06,107.4,
WPUFD4,2012,M05,107.8,
WPUFD4,2012,M04,108.0,
WPUFD4,2012,M03,107.7,
WPUFD4,2012,M02,107.1,
WPUFD4,2012,M01,106.6,
WPUFD4,2011,M12,106.0,
WPUFD4,2011,M11,106.4,
WPUFD4,2011,M10,106.3,
WPUFD4,2011,M09,106.6,
WPUFD4,2011,M08,106.4,
WPUFD4,2011,M07,106.3,
WPUFD4,2011,M06,106.0,
WPUFD4,2011,M05,106.1,
WPUFD4,2011,M04,105.9,
WPUFD4,2011,M03,105.2,
WPUFD4,2011,M02,104.2,
WPUFD4,2011,M01,103.4,
WPUFD41,2025,M09,148.101,Preliminary. All indexes are subject to monthly revisions up to four months after original publication.
WPUFD41,2025,M08,147.575,Preliminary. All indexes are subject to monthly revisions up to four months after original publication.
WPUFD41,2025,M07,147.654,Preliminary. All indexes are subject to monthly revisions up to four months after original publication.
WPUFD41,2025,M06,146.749,Preliminary. All indexes are subject to monthly revisions up to four months after original publication.
WPUFD41,2025,M05,145.883,
WPUFD41,2025,M04,145.664,
WPUFD41,2025,M03,145.494,
WPUFD41,2025,M02,146.056,
WPUFD41,2025,M01,144.941,
WPUFD41,2024,M12,143.299,
WPUFD41,2024,M11,143.618,
WPUFD41,2024,M10,143.225,
WPUFD41,2024,M09,143.347,
WPUFD41,2024,M08,144.533,
WPUFD41,2024,M07,144.976,
WPUFD41,2024,M06,144.274,
WPUFD41,2024,M05,144.297,
WPUFD41,2024,M04,145.052,
WPUFD41,2024,M03,144.301,
WPUFD41,2024,M02,143.601,
WPUFD41,2024,M01,141.569,
WPUFD41,2023,M12,140.693,
WPUFD41,2023,M11,142.028,
WPUFD41,2023,M10,142.932,
WPUFD41,2023,M09,145.040,
WPUFD41,2023,M08,144.620,
WPUFD41,2023,M07,142.594,
WPUFD41,2023,M06,142.377,
WPUFD41,2023,M05,142.051,
WPUFD41,2023,M04,143.342,
WPUFD41,2023,M03,143.173,
WPUFD41,2023,M02,143.349,
WPUFD41,2023,M01,143.686,
WPUFD41,2022,M12,141.395,
WPUFD41,2022,M11,144.352,
WPUFD41,2022,M10,144.524,
WPUFD41,2022,M09,143.945,
WPUFD41,2022,M08,144.062,
WPUFD41,2022,M07,146.155,
WPUFD41,2022,M06,148.821,
WPUFD41,2022,M05,145.466,
WPUFD41,2022,M04,142.335,
WPUFD41,2022,M03,140.496,
WPUFD41,2022,M02,136.126,
WPUFD41,2022,M01,133.469,
WPUFD41,2021,M12,130.997,
WPUFD41,2021,M11,131.738,
WPUFD41,2021,M10,130.775,
WPUFD41,2021,M09,129.343,
WPUFD41,2021,M08,128.296,
WPUFD41,2021,M07,127.472,
WPUFD41,2021,M06,126.5,
WPUFD41,2021,M05,124.7,
WPUFD41,2021,M04,122.3,
WPUFD41,2021,M03,121.3,
WPUFD41,2021,M02,119.0,
WPUFD41,2021,M01,117.5,
WPUFD41,2020,M12,115.5,
WPUFD41,2020,M11,114.7,
WPUFD41,2020,M10,114.4,
WPUFD41,2020,M09,114.1,
WPUFD41,2020,M08,113.8,
WPUFD41,2020,M07,113.7,
WPUFD41,2020,M06,113.0,
WPUFD41,2020,M05,112.2,
WPUFD41,2020,M04,110.3,
WPUFD41,2020,M03,113.4,
WPUFD41,2020,M02,115.0,
WPUFD41,2020,M01,116.0,
WPUFD41,2019,M12,115.5,
WPUFD41,2019,M11,115.6,
WPUFD41,2019,M10,115.6,
WPUFD41,2019,M09,115.2,
WPUFD41,2019,M08,115.7,
WPUFD41,2019,M07,116.2,
WPUFD41,2019,M06,116.0,
WPUFD41,2019,M05,116.4,
WPUFD41,2019,M04,116.3,
WPUFD41,2019,M03,115.4,
WPUFD41,2019,M02,114.3,
WPUFD41,2019,M01,113.9,
WPUFD41,2018,M12,114.3,
WPUFD41,2018,M11,115.4,
WPUFD41,2018,M10,116.3,
WPUFD41,2018,M09,115.8,
WPUFD41,2018,M08,115.8,
WPUFD41,2018,M07,115.9,
WPUFD41,2018,M06,116.0,
WPUFD41,2018,M05,115.5,
WPUFD41,2018,M04,114.4,
WPUFD41,2018,M03,114.0,
WPUFD41,2018,M02,113.5,
WPUFD41,2018,M01,113.2,
WPUFD41,2017,M12,112.5,
WPUFD41,2017,M11,112.5,
WPUFD41,2017,M10,112.0,
WPUFD41,2017,M09,112.0,
WPUFD41,2017,M08,111.4,
WPUFD41,2017,M07,111.0,
WPUFD41,2017,M06,111.1,
WPUFD41,2017,M05,110.7,
WPUFD41,2017,M04,111.1,
WPUFD41,2017,M03,110.4,
WPUFD41,2017,M02,110.1,
WPUFD41,2017,M01,109.7,
WPUFD41,2016,M12,108.7,
WPUFD41,2016,M11,108.0,
WPUFD41,2016,M10,108.5,
WPUFD41,2016,M09,108.3,
WPUFD41,2016,M08,108.0,
WPUFD41,2016,M07,108.5,
WPUFD41,2016,M06,108.7,
WPUFD41,2016,M05,107.6,
WPUFD41,2016,M04,106.7,
WPUFD41,2016,M03,106.1,
WPUFD41,2016,M02,105.9,
WPUFD41,2016,M01,106.4,
WPUFD41,2015,M12,106.7,
WPUFD41,2015,M11,107.5,
WPUFD41,2015,M10,108.1,
WPUFD41,2015,M09,108.7,
WPUFD41,2015,M08,110.1,
WPUFD41,2015,M07,110.9,
WPUFD41,2015,M06,111.1,
WPUFD41,2015,M05,110.4,
WPUFD41,2015,M04,108.9,
WPUFD41,2015,M03,109.2,
WPUFD41,2015,M02,108.9,
WPUFD41,2015,M01,109.0,
WPUFD41,2014,M12,110.9,
WPUFD41,2014,M11,112.5,
WPUFD41,2014,M10,113.6,
WPUFD41,2014,M09,114.6,
WPUFD41,2014,M08,115.0,
WPUFD41,2014,M07,115.3,
WPUFD41,2014,M06,115.4,
WPUFD41,2014,M05,115.0,
WPUFD41,2014,M04,115.2,
WPUFD41,2014,M03,114.3,
WPUFD41,2014,M02,113.5,
WPUFD41,2014,M01,113.1,
WPUFD41,2013,M12,112.2,
WPUFD41,2013,M11,112.0,
WPUFD41,2013,M10,112.5,
WPUFD41,2013,M09,112.9,
WPUFD41,2013,M08,113.1,
WPUFD41,2013,M07,113.0,
WPUFD41,2013,M06,112.9,
WPUFD41,2013,M05,112.8,
WPUFD41,2013,M04,112.4,
WPUFD41,2013,M03,112.9,
WPUFD41,2013,M02,112.8,
WPUFD41,2013,M01,111.9,
WPUFD41,2012,M12,111.3,
WPUFD41,2012,M11,111.6,
WPUFD41,2012,M10,112.7,
WPUFD41,2012,M09,113.1,
WPUFD41,2012,M08,112.3,
WPUFD41,2012,M07,111.0,
WPUFD41,2012,M06,110.8,
WPUFD41,2012,M05,111.6,
WPUFD41,2012,M04,112.3,
WPUFD41,2012,M03,112.1,
WPUFD41,2012,M02,111.1,
WPUFD41,2012,M01,110.5,
WPUFD41,2011,M12,109.8,
WPUFD41,2011,M11,110.4,
WPUFD41,2011,M10,110.4,
WPUFD41,2011,M09,111.2,
WPUFD41,2011,M08,110.7,
WPUFD41,2011,M07,111.1,
WPUFD41,2011,M06,110.7,
WPUFD41,2011,M05,111.1,
WPUFD41,2011,M04,110.5,
WPUFD41,2011,M03,109.0,
WPUFD41,2011,M02,107.6,
WPUFD41,2011,M01,106.2,
WPUFD42,2025,M09,149.273,Preliminary. All indexes are subject to monthly revisions up to four months after original publication.
WPUFD42,2025,M08,149.346,Preliminary. All indexes are subject to monthly revisions up to four months after original publication.
WPUFD42,2025,M07,149.837,Preliminary. All indexes are subject to monthly revisions up to four months after original publication.
WPUFD42,2025,M06,148.672,Preliminary. All indexes are subject to monthly revisions up to four months after original publication.
WPUFD42,2025,M05,148.514,
WPUFD42,2025,M04,148.002,
WPUFD42,2025,M03,148.514,
WPUFD42,2025,M02,148.038,
WPUFD42,2025,M01,147.697,
WPUFD42,2024,M12,146.379,
WPUFD42,2024,M11,145.957,
WPUFD42,2024,M10,146.574,
WPUFD42,2024,M09,145.590,
WPUFD42,2024,M08,144.944,
WPUFD42,2024,M07,144.263,
WPUFD42,2024,M06,144.704,
WPUFD42,2024,M05,143.504,
WPUFD42,2024,M04,143.254,
WPUFD42,2024,M03,142.445,
WPUFD42,2024,M02,141.989,
WPUFD42,2024,M01,141.309,
WPUFD42,2023,M12,140.359,
WPUFD42,2023,M11,140.653,
WPUFD42,2023,M10,140.814,
WPUFD42,2023,M09,140.388,
WPUFD42,2023,M08,140.613,
WPUFD42,2023,M07,140.387,
WPUFD42,2023,M06,139.396,
WPUFD42,2023,M05,139.145,
WPUFD42,2023,M04,139.153,
WPUFD42,2023,M03,138.763,
WPUFD42,2023,M02,138.632,
WPUFD42,2023,M01,138.124,
WPUFD42,2022,M12,137.873,
WPUFD42,2022,M11,137.911,
WPUFD42,2022,M10,137.757,
WPUFD42,2022,M09,137.124,
WPUFD42,2022,M08,136.921,
WPUFD42,2022,M07,136.350,
WPUFD42,2022,M06,136.005,
WPUFD42,2022,M05,135.589,
WPUFD42,2022,M04,135.298,
WPUFD42,2022,M03,135.084,
WPUFD42,2022,M02,133.103,
WPUFD42,2022,M01,132.170,
WPUFD42,2021,M12,130.896,
WPUFD42,2021,M11,130.138,
WPUFD42,2021,M10,129.119,
WPUFD42,2021,M09,128.541,
WPUFD42,2021,M08,128.528,
WPUFD42,2021,M07,127.534,
WPUFD42,2021,M06,126.2,
WPUFD42,2021,M05,125.5,
WPUFD42,2021,M04,124.9,
WPUFD42,2021,M03,123.5,
WPUFD42,2021,M02,122.8,
WPUFD42,2021,M01,122.2,
WPUFD42,2020,M12,120.8,
WPUFD42,2020,M11,121.1,
WPUFD42,2020,M10,121.6,
WPUFD42,2020,M09,120.5,
WPUFD42,2020,M08,120.3,
WPUFD42,2020,M07,120.3,
WPUFD42,2020,M06,119.6,
WPUFD42,2020,M05,119.4,
WPUFD42,2020,M04,119.5,
WPUFD42,2020,M03,120.0,
WPUFD42,2020,M02,119.7,
WPUFD42,2020,M01,120.0,
WPUFD42,2019,M12,119.3,
WPUFD42,2019,M11,119.2,
WPUFD42,2019,M10,120.0,
WPUFD42,2019,M09,119.4,
WPUFD42,2019,M08,119.9,
WPUFD42,2019,M07,119.5,
WPUFD42,2019,M06,119.3,
WPUFD42,2019,M05,119.2,
WPUFD42,2019,M04,119.1,
WPUFD42,2019,M03,118.5,
WPUFD42,2019,M02,118.1,
WPUFD42,2019,M01,117.8,
WPUFD42,2018,M12,117.6,
WPUFD42,2018,M11,117.6,
WPUFD42,2018,M10,117.8,
WPUFD42,2018,M09,116.7,
WPUFD42,2018,M08,116.7,
WPUFD42,2018,M07,116.8,
WPUFD42,2018,M06,116.6,
WPUFD42,2018,M05,116.1,
WPUFD42,2018,M04,116.0,
WPUFD42,2018,M03,115.8,
WPUFD42,2018,M02,115.3,
WPUFD42,2018,M01,114.8,
WPUFD42,2017,M12,114.2,
WPUFD42,2017,M11,114.6,
WPUFD42,2017,M10,114.8,
WPUFD42,2017,M09,113.9,
WPUFD42,2017,M08,113.9,
WPUFD42,2017,M07,113.7,
WPUFD42,2017,M06,113.5,
WPUFD42,2017,M05,113.4,
WPUFD42,2017,M04,113.2,
WPUFD42,2017,M03,112.7,
WPUFD42,2017,M02,112.3,
WPUFD42,2017,M01,112.3,
WPUFD42,2016,M12,111.8,
WPUFD42,2016,M11,112.0,
WPUFD42,2016,M10,112.1,
WPUFD42,2016,M09,111.6,
WPUFD42,2016,M08,111.4,
WPUFD42,2016,M07,111.6,
WPUFD42,2016,M06,111.6,
WPUFD42,2016,M05,111.2,
WPUFD42,2016,M04,111.3,
WPUFD42,2016,M03,111.2,
WPUFD42,2016,M02,111.2,
WPUFD42,2016,M01,111.1,
WPUFD42,2015,M12,110.0,
WPUFD42,2015,M11,110.1,
WPUFD42,2015,M10,110.3,
WPUFD42,2015,M09,110.1,
WPUFD42,2015,M08,110.3,
WPUFD42,2015,M07,110.4,
WPUFD42,2015,M06,110.0,
WPUFD42,2015,M05,109.7,
WPUFD42,2015,M04,110.0,
WPUFD42,2015,M03,109.8,
WPUFD42,2015,M02,109.5,
WPUFD42,2015,M01,109.8,
WPUFD42,2014,M12,109.8,
WPUFD42,2014,M11,109.7,
WPUFD42,2014,M10,110.0,
WPUFD42,2014,M09,109.1,
WPUFD42,2014,M08,109.5,
WPUFD42,2014,M07,109.5,
WPUFD42,2014,M06,108.8,
WPUFD42,2014,M05,108.8,
WPUFD42,2014,M04,108.7,
WPUFD42,2014,M03,108.8,
WPUFD42,2014,M02,108.2,
WPUFD42,2014,M01,107.6,
WPUFD42,2013,M12,107.5,
WPUFD42,2013,M11,107.8,
WPUFD42,2013,M10,108.0,
WPUFD42,2013,M09,107.4,
WPUFD42,2013,M08,107.4,
WPUFD42,2013,M07,107.4,
WPUFD42,2013,M06,107.0,
WPUFD42,2013,M05,106.5,
WPUFD42,2013,M04,107.0,
WPUFD42,2013,M03,106.9,
WPUFD42,2013,M02,106.5,
WPUFD42,2013,M01,106.2,
WPUFD42,2012,M12,106.1,
WPUFD42,2012,M11,106.2,
WPUFD42,2012,M10,105.9,
WPUFD42,2012,M09,105.5,
WPUFD42,2012,M08,105.1,
WPUFD42,2012,M07,105.3,
WPUFD42,2012,M06,105.5,
WPUFD42,2012,M05,105.6,
WPUFD42,2012,M04,105.5,
WPUFD42,2012,M03,105.2,
WPUFD42,2012,M02,104.8,
WPUFD42,2012,M01,104.3,
WPUFD42,2011,M12,103.8,
WPUFD42,2011,M11,104.1,
WPUFD42,2011,M10,104.0,
WPUFD42,2011,M09,104.1,
WPUFD42,2011,M08,104.1,
WPUFD42,2011,M07,103.6,
WPUFD42,2011,M06,103.5,
WPUFD42,2011,M05,103.3,
WPUFD42,2011,M04,103.3,
WPUFD42,2011,M03,103.1,
WPUFD42,2011,M02,102.3,
WPUFD42,2011,M01,101.9,
WPUFD49104,2025,M09,147.950,Preliminary. All indexes are subject to monthly revisions up to four months after original publication.
WPUFD49104,2025,M08,147.975,Preliminary. All indexes are subject to monthly revisions up to four months after original publication.
WPUFD49104,2025,M07,148.266,Preliminary. All indexes are subject to monthly revisions up to four months after original publication.
WPUFD49104,2025,M06,147.274,Preliminary. All indexes are subject to monthly revisions up to four months after original publication.
WPUFD49104,2025,M05,147.094,
WPUFD49104,2025,M04,146.633,
WPUFD49104,2025,M03,146.952,
WPUFD49104,2025,M02,146.494,
WPUFD49104,2025,M01,146.119,
WPUFD49104,2024,M12,144.960,
WPUFD49104,2024,M11,144.617,
WPUFD49104,2024,M10,145.045,
WPUFD49104,2024,M09,144.243,
WPUFD49104,2024,M08,143.741,
WPUFD49104,2024,M07,143.202,
WPUFD49104,2024,M06,143.464,
WPUFD49104,2024,M05,142.532,
WPUFD49104,2024,M04,142.271,
WPUFD49104,2024,M03,141.588,
WPUFD49104,2024,M02,141.223,
WPUFD49104,2024,M01,140.600,
WPUFD49104,2023,M12,139.721,
WPUFD49104,2023,M11,139.916,
WPUFD49104,2023,M10,140.026,
WPUFD49104,2023,M09,139.668,
WPUFD49104,2023,M08,139.787,
WPUFD49104,2023,M07,139.605,
WPUFD49104,2023,M06,138.920,
WPUFD49104,2023,M05,138.782,
WPUFD49104,2023,M04,138.752,
WPUFD49104,2023,M03,138.434,
WPUFD49104,2023,M02,138.265,
WPUFD49104,2023,M01,137.786,
WPUFD49104,2022,M12,137.260,
WPUFD49104,2022,M11,137.251,
WPUFD49104,2022,M10,137.066,
WPUFD49104,2022,M09,136.488,
WPUFD49104,2022,M08,136.366,
WPUFD49104,2022,M07,135.894,
WPUFD49104,2022,M06,135.479,
WPUFD49104,2022,M05,135.015,
WPUFD49104,2022,M04,134.562,
WPUFD49104,2022,M03,133.956,
WPUFD49104,2022,M02,132.152,
WPUFD49104,2022,M01,131.197,
WPUFD49104,2021,M12,129.843,
WPUFD49104,2021,M11,129.175,
WPUFD49104,2021,M10,128.180,
WPUFD49104,2021,M09,127.354,
WPUFD49104,2021,M08,127.190,
WPUFD49104,2021,M07,126.290,
WPUFD49104,2021,M06,125.1,
WPUFD49104,2021,M05,124.3,
WPUFD49104,2021,M04,123.5,
WPUFD49104,2021,M03,122.1,
WPUFD49104,2021,M02,121.4,
WPUFD49104,2021,M01,120.8,
WPUFD49104,2020,M12,119.5,
WPUFD49104,2020,M11,119.6,
WPUFD49104,2020,M10,119.8,
WPUFD49104,2020,M09,119.0,
WPUFD49104,2020,M08,118.8,
WPUFD49104,2020,M07,118.7,
WPUFD49104,2020,M06,118.2,
WPUFD49104,2020,M05,118.0,
WPUFD49104,2020,M04,118.1,
WPUFD49104,2020,M03,118.5,
WPUFD49104,2020,M02,118.3,
WPUFD49104,2020,M01,118.5,
WPUFD49104,2019,M12,117.9,
WPUFD49104,2019,M11,117.8,
WPUFD49104,2019,M10,118.4,
WPUFD49104,2019,M09,117.8,
WPUFD49104,2019,M08,118.2,
WPUFD49104,2019,M07,118.0,
WPUFD49104,2019,M06,117.8,
WPUFD49104,2019,M05,117.7,
WPUFD49104,2019,M04,117.7,
WPUFD49104,2019,M03,117.2,
WPUFD49104,2019,M02,116.9,
WPUFD49104,2019,M01,116.6,
WPUFD49104,2018,M12,116.4,
WPUFD49104,2018,M11,116.4,
WPUFD49104,2018,M10,116.5,
WPUFD49104,2018,M09,115.5,
WPUFD49104,2018,M08,115.5,
WPUFD49104,2018,M07,115.5,
WPUFD49104,2018,M06,115.3,
WPUFD49104,2018,M05,114.9,
WPUFD49104,2018,M04,114.8,
WPUFD49104,2018,M03,114.6,
WPUFD49104,2018,M02,114.1,
WPUFD49104,2018,M01,113.7,
WPUFD49104,2017,M12,113.1,
WPUFD49104,2017,M11,113.3,
WPUFD49104,2017,M10,113.4,
WPUFD49104,2017,M09,112.6,
WPUFD49104,2017,M08,112.6,
WPUFD49104,2017,M07,112.4,
WPUFD49104,2017,M06,112.3,
WPUFD49104,2017,M05,112.2,
WPUFD49104,2017,M04,112.1,
WPUFD49104,2017,M03,111.6,
WPUFD49104,2017,M02,111.3,
WPUFD49104,2017,M01,111.2,
WPUFD49104,2016,M12,110.7,
WPUFD49104,2016,M11,110.7,
WPUFD49104,2016,M10,110.7,
WPUFD49104,2016,M09,110.2,
WPUFD49104,2016,M08,110.2,
WPUFD49104,2016,M07,110.3,
WPUFD49104,2016,M06,110.3,
WPUFD49104,2016,M05,110.0,
WPUFD49104,2016,M04,110.0,
WPUFD49104,2016,M03,109.9,
WPUFD49104,2016,M02,109.9,
WPUFD49104,2016,M01,109.7,
WPUFD49104,2015,M12,108.9,
WPUFD49104,2015,M11,108.9,
WPUFD49104,2015,M10,109.1,
WPUFD49104,2015,M09,108.9,
WPUFD49104,2015,M08,109.1,
WPUFD49104,2015,M07,109.3,
WPUFD49104,2015,M06,109.0,
WPUFD49104,2015,M05,108.7,
WPUFD49104,2015,M04,108.8,
WPUFD49104,2015,M03,108.7,
WPUFD49104,2015,M02,108.5,
WPUFD49104,2015,M01,108.8,
WPUFD49104,2014,M12,108.7,
WPUFD49104,2014,M11,108.6,
WPUFD49104,2014,M10,108.9,
WPUFD49104,2014,M09,108.1,
WPUFD49104,2014,M08,108.4,
WPUFD49104,2014,M07,108.4,
WPUFD49104,2014,M06,107.8,
WPUFD49104,2014,M05,107.9,
WPUFD49104,2014,M04,107.7,
WPUFD49104,2014,M03,107.8,
WPUFD49104,2014,M02,107.4,
WPUFD49104,2014,M01,107.0,
WPUFD49104,2013,M12,106.6,
WPUFD49104,2013,M11,106.8,
WPUFD49104,2013,M10,106.9,
WPUFD49104,2013,M09,106.4,
WPUFD49104,2013,M08,106.4,
WPUFD49104,2013,M07,106.4,
WPUFD49104,2013,M06,106.1,
WPUFD49104,2013,M05,105.7,
WPUFD49104,2013,M04,106.1,
WPUFD49104,2013,M03,106.1,
WPUFD49104,2013,M02,105.7,
WPUFD49104,2013,M01,105.5,
WPUFD49104,2012,M12,105.3,
WPUFD49104,2012,M11,105.3,
WPUFD49104,2012,M10,105.1,
WPUFD49104,2012,M09,104.7,
WPUFD49104,2012,M08,104.5,
WPUFD49104,2012,M07,104.6,
WPUFD49104,2012,M06,104.7,
WPUFD49104,2012,M05,104.8,
WPUFD49104,2012,M04,104.7,
WPUFD49104,2012,M03,104.5,
WPUFD49104,2012,M02,104.2,
WPUFD49104,2012,M01,103.7,
WPUFD49104,2011,M12,103.2,
WPUFD49104,2011,M11,103.4,
WPUFD49104,2011,M10,103.4,
WPUFD49104,2011,M09,103.3,
WPUFD49104,2011,M08,103.3,
WPUFD49104,2011,M07,102.9,
WPUFD49104,2011,M06,102.7,
WPUFD49104,2011,M05,102.5,
WPUFD49104,2011,M04,102.5,
WPUFD49104,2011,M03,102.2,
WPUFD49104,2011,M02,101.6,
WPUFD49104,2011,M01,101.2,
WPUID61,2025,M09,263.663,Preliminary. All indexes are subject to monthly revisions up to four months after original publication.
WPUID61,2025,M08,263.170,Preliminary. All indexes are subject to monthly revisions up to four months after original publication.
WPUID61,2025,M07,262.844,Preliminary. All indexes are subject to monthly revisions up to four months after original publication.
WPUID61,2025,M06,260.631,Preliminary. All indexes are subject to monthly revisions up to four months after original publication.
WPUID61,2025,M05,259.363,
WPUID61,2025,M04,258.501,
WPUID61,2025,M03,257.722,
WPUID61,2025,M02,257.335,
WPUID61,2025,M01,255.162,
WPUID61,2024,M12,252.431,
WPUID61,2024,M11,253.183,
WPUID61,2024,M10,253.989,
WPUID61,2024,M09,253.978,
WPUID61,2024,M08,256.520,
WPUID61,2024,M07,257.483,
WPUID61,2024,M06,256.058,
WPUID61,2024,M05,254.860,
WPUID61,2024,M04,257.232,
WPUID61,2024,M03,255.856,
WPUID61,2024,M02,256.515,
WPUID61,2024,M01,252.645,
WPUID61,2023,M12,252.078,
WPUID61,2023,M11,254.778,
WPUID61,2023,M10,257.493,
WPUID61,2023,M09,260.953,
WPUID61,2023,M08,259.928,
WPUID61,2023,M07,255.530,
WPUID61,2023,M06,256.538,
WPUID61,2023,M05,256.485,
WPUID61,2023,M04,258.788,
WPUID61,2023,M03,260.464,
WPUID61,2023,M02,261.803,
WPUID61,2023,M01,262.459,
WPUID61,2022,M12,259.360,
WPUID61,2022,M11,267.155,
WPUID61,2022,M10,269.784,
WPUID61,2022,M09,271.092,
WPUID61,2022,M08,271.823,
WPUID61,2022,M07,276.593,
WPUID61,2022,M06,283.071,
WPUID61,2022,M05,276.454,
WPUID61,2022,M04,267.832,
WPUID61,2022,M03,263.078,
WPUID61,2022,M02,256.371,
WPUID61,2022,M01,252.652,
WPUID61,2021,M12,247.395,
WPUID61,2021,M11,248.260,
WPUID61,2021,M10,245.093,
WPUID61,2021,M09,240.221,
WPUID61,2021,M08,237.720,
WPUID61,2021,M07,235.954,
WPUID61,2021,M06,232.2,
WPUID61,2021,M05,227.3,
WPUID61,2021,M04,219.6,
WPUID61,2021,M03,215.5,
WPUID61,2021,M02,207.9,
WPUID61,2021,M01,202.5,
WPUID61,2020,M12,198.9,
WPUID61,2020,M11,196.1,
WPUID61,2020,M10,195.0,
WPUID61,2020,M09,194.1,
WPUID61,2020,M08,193.2,
WPUID61,2020,M07,191.6,
WPUID61,2020,M06,188.8,
WPUID61,2020,M05,185.8,
WPUID61,2020,M04,185.0,
WPUID61,2020,M03,191.7,
WPUID61,2020,M02,194.2,
WPUID61,2020,M01,195.8,
WPUID61,2019,M12,196.0,
WPUID61,2019,M11,196.4,
WPUID61,2019,M10,196.8,
WPUID61,2019,M09,197.2,
WPUID61,2019,M08,197.7,
WPUID61,2019,M07,198.9,
WPUID61,2019,M06,198.8,
WPUID61,2019,M05,200.2,
WPUID61,2019,M04,200.2,
WPUID61,2019,M03,199.6,
WPUID61,2019,M02,198.2,
WPUID61,2019,M01,197.8,
WPUID61,2018,M12,199.4,
WPUID61,2018,M11,202.2,
WPUID61,2018,M10,204.6,
WPUID61,2018,M09,204.3,
WPUID61,2018,M08,203.8,
WPUID61,2018,M07,203.6,
WPUID61,2018,M06,203.4,
WPUID61,2018,M05,201.7,
WPUID61,2018,M04,198.5,
WPUID61,2018,M03,197.3,
WPUID61,2018,M02,197.0,
WPUID61,2018,M01,195.4,
WPUID61,2017,M12,193.9,
WPUID61,2017,M11,193.5,
WPUID61,2017,M10,192.9,
WPUID61,2017,M09,192.7,
WPUID61,2017,M08,191.5,
WPUID61,2017,M07,190.8,
WPUID61,2017,M06,190.8,
WPUID61,2017,M05,189.9,
WPUID61,2017,M04,189.4,
WPUID61,2017,M03,188.3,
WPUID61,2017,M02,188.0,
WPUID61,2017,M01,186.7,
WPUID61,2016,M12,184.6,
WPUID61,2016,M11,183.6,
WPUID61,2016,M10,184.0,
WPUID61,2016,M09,184.4,
WPUID61,2016,M08,183.9,
WPUID61,2016,M07,184.2,
WPUID61,2016,M06,183.8,
WPUID61,2016,M05,181.6,
WPUID61,2016,M04,179.7,
WPUID61,2016,M03,178.8,
WPUID61,2016,M02,178.3,
WPUID61,2016,M01,179.6,
WPUID61,2015,M12,181.3,
WPUID61,2015,M11,183.4,
WPUID61,2015,M10,185.1,
WPUID61,2015,M09,186.8,
WPUID61,2015,M08,189.6,
WPUID61,2015,M07,191.2,
WPUID61,2015,M06,191.6,
WPUID61,2015,M05,190.2,
WPUID61,2015,M04,188.3,
WPUID61,2015,M03,189.3,
WPUID61,2015,M02,189.2,
WPUID61,2015,M01,189.7,
WPUID61,2014,M12,194.2,
WPUID61,2014,M11,197.7,
WPUID61,2014,M10,200.5,
WPUID61,2014,M09,203.8,
WPUID61,2014,M08,204.4,
WPUID61,2014,M07,204.5,
WPUID61,2014,M06,204.3,
WPUID61,2014,M05,203.8,
WPUID61,2014,M04,203.8,
WPUID61,2014,M03,203.0,
WPUID61,2014,M02,202.1,
WPUID61,2014,M01,200.9,
WPUID61,2013,M12,199.3,
WPUID61,2013,M11,198.8,
WPUID61,2013,M10,200.1,
WPUID61,2013,M09,201.5,
WPUID61,2013,M08,201.6,
WPUID61,2013,M07,201.3,
WPUID61,2013,M06,201.3,
WPUID61,2013,M05,201.0,
WPUID61,2013,M04,200.8,
WPUID61,2013,M03,201.5,
WPUID61,2013,M02,202.5,
WPUID61,2013,M01,200.0,
WPUID61,2012,M12,199.2,
WPUID61,2012,M11,199.5,
WPUID61,2012,M10,201.8,
WPUID61,2012,M09,202.7,
WPUID61,2012,M08,200.7,
WPUID61,2012,M07,198.8,
WPUID61,2012,M06,199.7,
WPUID61,2012,M05,201.5,
WPUID61,2012,M04,203.0,
WPUID61,2012,M03,203.3,
WPUID61,2012,M02,200.0,
WPUID61,2012,M01,198.8,
WPUID61,2011,M12,198.5,
WPUID61,2011,M11,199.9,
WPUID61,2011,M10,200.2,
WPUID61,2011,M09,203.2,
WPUID61,2011,M08,202.8,
WPUID61,2011,M07,204.1,
WPUID61,2011,M06,203.3,
WPUID61,2011,M05,203.2,
WPUID61,2011,M04,201.0,
WPUID61,2011,M03,197.6,
WPUID61,2011,M02,193.7,
WPUID61,2011,M01,190.6,
WPUID62,2025,M09,243.543,Preliminary. All indexes are subject to monthly revisions up to four months after original publication.
WPUID62,2025,M08,245.916,Preliminary. All indexes are subject to monthly revisions up to four months after original publication.
WPUID62,2025,M07,253.826,Preliminary. All indexes are subject to monthly revisions up to four months after original publication.
WPUID62,2025,M06,252.894,Preliminary. All indexes are subject to monthly revisions up to four months after original publication.
WPUID62,2025,M05,246.865,
WPUID62,2025,M04,250.600,
WPUID62,2025,M03,258.325,
WPUID62,2025,M02,267.388,
WPUID62,2025,M01,264.400,
WPUID62,2024,M12,249.434,
WPUID62,2024,M11,241.692,
WPUID62,2024,M10,240.734,
WPUID62,2024,M09,235.214,
WPUID62,2024,M08,241.913,
WPUID62,2024,M07,253.300,
WPUID62,2024,M06,251.381,
WPUID62,2024,M05,249.748,
WPUID62,2024,M04,249.879,
WPUID62,2024,M03,242.575,
WPUID62,2024,M02,244.666,
WPUID62,2024,M01,244.139,
WPUID62,2023,M12,238.663,
WPUID62,2023,M11,247.112,
WPUID62,2023,M10,251.369,
WPUID62,2023,M09,256.157,
WPUID62,2023,M08,251.788,
WPUID62,2023,M07,249.746,
WPUID62,2023,M06,247.272,
WPUID62,2023,M05,249.973,
WPUID62,2023,M04,263.120,
WPUID62,2023,M03,258.773,
WPUID62,2023,M02,269.828,
WPUID62,2023,M01,282.252,
WPUID62,2022,M12,293.678,
WPUID62,2022,M11,287.265,
WPUID62,2022,M10,295.143,
WPUID62,2022,M09,326.337,
WPUID62,2022,M08,341.149,
WPUID62,2022,M07,328.978,
WPUID62,2022,M06,364.250,
WPUID62,2022,M05,348.355,
WPUID62,2022,M04,330.004,
WPUID62,2022,M03,310.889,
WPUID62,2022,M02,301.214,
WPUID62,2022,M01,274.590,
WPUID62,2021,M12,265.393,
WPUID62,2021,M11,277.427,
WPUID62,2021,M10,270.126,
WPUID62,2021,M09,252.620,
WPUID62,2021,M08,249.207,
WPUID62,2021,M07,248.363,
WPUID62,2021,M06,242.4,
WPUID62,2021,M05,237.9,
WPUID62,2021,M04,219.9,
WPUID62,2021,M03,216.9,
WPUID62,2021,M02,225.6,
WPUID62,2021,M01,201.3,
WPUID62,2020,M12,189.6,
WPUID62,2020,M11,185.5,
WPUID62,2020,M10,173.7,
WPUID62,2020,M09,170.1,
WPUID62,2020,M08,163.4,
WPUID62,2020,M07,159.2,
WPUID62,2020,M06,158.5,
WPUID62,2020,M05,150.8,
WPUID62,2020,M04,138.1,
WPUID62,2020,M03,160.9,
WPUID62,2020,M02,174.6,
WPUID62,2020,M01,186.5,
WPUID62,2019,M12,187.2,
WPUID62,2019,M11,184.4,
WPUID62,2019,M10,177.9,
WPUID62,2019,M09,177.4,
WPUID62,2019,M08,179.7,
WPUID62,2019,M07,184.9,
WPUID62,2019,M06,183.8,
WPUID62,2019,M05,188.8,
WPUID62,2019,M04,193.4,
WPUID62,2019,M03,190.6,
WPUID62,2019,M02,189.4,
WPUID62,2019,M01,193.6,
WPUID62,2018,M12,202.0,
WPUID62,2018,M11,194.4,
WPUID62,2018,M10,200.3,
WPUID62,2018,M09,194.8,
WPUID62,2018,M08,194.6,
WPUID62,2018,M07,204.8,
WPUID62,2018,M06,204.2,
WPUID62,2018,M05,205.7,
WPUID62,2018,M04,199.9,
WPUID62,2018,M03,198.2,
WPUID62,2018,M02,203.0,
WPUID62,2018,M01,199.7,
WPUID62,2017,M12,194.7,
WPUID62,2017,M11,192.0,
WPUID62,2017,M10,186.2,
WPUID62,2017,M09,186.8,
WPUID62,2017,M08,187.6,
WPUID62,2017,M07,192.0,
WPUID62,2017,M06,191.8,
WPUID62,2017,M05,191.6,
WPUID62,2017,M04,191.9,
WPUID62,2017,M03,188.3,
WPUID62,2017,M02,192.8,
WPUID62,2017,M01,193.4,
WPUID62,2016,M12,185.4,
WPUID62,2016,M11,173.0,
WPUID62,2016,M10,171.6,
WPUID62,2016,M09,173.5,
WPUID62,2016,M08,175.4,
WPUID62,2016,M07,181.2,
WPUID62,2016,M06,181.3,
WPUID62,2016,M05,176.6,
WPUID62,2016,M04,170.1,
WPUID62,2016,M03,166.0,
WPUID62,2016,M02,161.7,
WPUID62,2016,M01,164.7,
WPUID62,2015,M12,164.1,
WPUID62,2015,M11,171.3,
WPUID62,2015,M10,179.5,
WPUID62,2015,M09,182.4,
WPUID62,2015,M08,187.6,
WPUID62,2015,M07,196.1,
WPUID62,2015,M06,203.3,
WPUID62,2015,M05,202.5,
WPUID62,2015,M04,195.5,
WPUID62,2015,M03,193.9,
WPUID62,2015,M02,193.4,
WPUID62,2015,M01,199.7,
WPUID62,2014,M12,219.7,
WPUID62,2014,M11,232.9,
WPUID62,2014,M10,236.2,
WPUID62,2014,M09,245.6,
WPUID62,2014,M08,245.9,
WPUID62,2014,M07,255.3,
WPUID62,2014,M06,260.5,
WPUID62,2014,M05,263.0,
WPUID62,2014,M04,265.4,
WPUID62,2014,M03,262.0,
WPUID62,2014,M02,258.6,
WPUID62,2014,M01,246.0,
WPUID62,2013,M12,240.7,
WPUID62,2013,M11,236.7,
WPUID62,2013,M10,241.2,
WPUID62,2013,M09,246.2,
WPUID62,2013,M08,247.2,
WPUID62,2013,M07,252.9,
WPUID62,2013,M06,251.3,
WPUID62,2013,M05,252.5,
WPUID62,2013,M04,249.2,
WPUID62,2013,M03,248.7,
WPUID62,2013,M02,246.1,
WPUID62,2013,M01,247.3,
WPUID62,2012,M12,245.4,
WPUID62,2012,M11,244.0,
WPUID62,2012,M10,242.3,
WPUID62,2012,M09,244.9,
WPUID62,2012,M08,242.7,
WPUID62,2012,M07,233.0,
WPUID62,2012,M06,227.1,
WPUID62,2012,M05,234.9,
WPUID62,2012,M04,242.0,
WPUID62,2012,M03,248.7,
WPUID62,2012,M02,245.2,
WPUID62,2012,M01,246.0,
WPUID62,2011,M12,242.0,
WPUID62,2011,M11,248.5,
WPUID62,2011,M10,242.8,
WPUID62,2011,M09,251.1,
WPUID62,2011,M08,251.2,
WPUID62,2011,M07,256.9,
WPUID62,2011,M06,256.9,
WPUID62,2011,M05,255.5,
WPUID62,2011,M04,261.3,
WPUID62,2011,M03,248.2,
WPUID62,2011,M02,242.8,
WPUID62,2011,M01,235.9,
WPU00000000,2025,M09,262.344,Preliminary. All indexes are subject to monthly revisions up to four months after original publication.
WPU00000000,2025,M08,262.104,Preliminary. All indexes are subject to monthly revisions up to four months after original publication.
WPU00000000,2025,M07,262.363,Preliminary. All indexes are subject to monthly revisions up to four months after original publication.
WPU00000000,2025,M06,260.482,Preliminary. All indexes are subject to monthly revisions up to four months after original publication.
WPU00000000,2025,M05,258.678,
WPU00000000,2025,M04,258.392,
WPU00000000,2025,M03,258.525,
WPU00000000,2025,M02,259.498,
WPU00000000,2025,M01,257.360,
WPU00000000,2024,M12,253.423,
WPU00000000,2024,M11,253.211,
WPU00000000,2024,M10,253.081,
WPU00000000,2024,M09,252.682,
WPU00000000,2024,M08,255.463,
WPU00000000,2024,M07,257.321,
WPU00000000,2024,M06,255.914,
WPU00000000,2024,M05,255.313,
WPU00000000,2024,M04,256.978,
WPU00000000,2024,M03,255.095,
WPU00000000,2024,M02,254.926,
WPU00000000,2024,M01,251.306,
WPU00000000,2023,M12,249.866,
WPU00000000,2023,M11,252.856,
WPU00000000,2023,M10,255.192,
WPU00000000,2023,M09,258.934,
WPU00000000,2023,M08,257.680,
WPU00000000,2023,M07,253.835,
WPU00000000,2023,M06,253.860,
WPU00000000,2023,M05,253.670,
WPU00000000,2023,M04,256.908,
WPU00000000,2023,M03,257.062,
WPU00000000,2023,M02,258.669,
WPU00000000,2023,M01,260.227,
WPU00000000,2022,M12,257.897,
WPU00000000,2022,M11,263.157,
WPU00000000,2022,M10,265.061,
WPU00000000,2022,M09,267.898,
WPU00000000,2022,M08,269.546,
WPU00000000,2022,M07,272.274,
WPU00000000,2022,M06,280.251,
WPU00000000,2022,M05,273.251,
WPU00000000,2022,M04,265.310,
WPU00000000,2022,M03,260.014,
WPU00000000,2022,M02,252.660,
WPU00000000,2022,M01,246.453,
WPU00000000,2021,M12,241.338,
WPU00000000,2021,M11,243.287,
WPU00000000,2021,M10,240.465,
WPU00000000,2021,M09,235.678,
WPU00000000,2021,M08,233.415,
WPU00000000,2021,M07,231.850,
WPU00000000,2021,M06,228.9,
WPU00000000,2021,M05,224.9,
WPU00000000,2021,M04,217.9,
WPU00000000,2021,M03,215.0,
WPU00000000,2021,M02,210.6,
WPU00000000,2021,M01,204.8,
WPU00000000,2020,M12,200.5,
WPU00000000,2020,M11,198.3,
WPU00000000,2020,M10,196.5,
WPU00000000,2020,M09,195.5,
WPU00000000,2020,M08,194.3,
WPU00000000,2020,M07,193.0,
WPU00000000,2020,M06,191.2,
WPU00000000,2020,M05,188.6,
WPU00000000,2020,M04,185.5,
WPU00000000,2020,M03,193.1,
WPU00000000,2020,M02,196.7,
WPU00000000,2020,M01,199.3,
WPU00000000,2019,M12,199.0,
WPU00000000,2019,M11,199.0,
WPU00000000,2019,M10,198.6,
WPU00000000,2019,M09,198.4,
WPU00000000,2019,M08,199.2,
WPU00000000,2019,M07,200.7,
WPU00000000,2019,M06,200.3,
WPU00000000,2019,M05,201.7,
WPU00000000,2019,M04,202.1,
WPU00000000,2019,M03,200.8,
WPU00000000,2019,M02,199.2,
WPU00000000,2019,M01,199.1,
WPU00000000,2018,M12,201.0,
WPU00000000,2018,M11,202.3,
WPU00000000,2018,M10,204.6,
WPU00000000,2018,M09,203.6,
WPU00000000,2018,M08,203.4,
WPU00000000,2018,M07,204.3,
WPU00000000,2018,M06,204.2,
WPU00000000,2018,M05,203.2,
WPU00000000,2018,M04,200.3,
WPU00000000,2018,M03,199.3,
WPU00000000,2018,M02,199.3,
WPU00000000,2018,M01,197.9,
WPU00000000,2017,M12,196.3,
WPU00000000,2017,M11,195.9,
WPU00000000,2017,M10,194.9,
WPU00000000,2017,M09,194.8,
WPU00000000,2017,M08,193.8,
WPU00000000,2017,M07,193.5,
WPU00000000,2017,M06,193.6,
WPU00000000,2017,M05,192.8,
WPU00000000,2017,M04,193.0,
WPU00000000,2017,M03,191.5,
WPU00000000,2017,M02,191.6,
WPU00000000,2017,M01,190.7,
WPU00000000,2016,M12,188.2,
WPU00000000,2016,M11,186.3,
WPU00000000,2016,M10,186.7,
WPU00000000,2016,M09,186.9,
WPU00000000,2016,M08,186.6,
WPU00000000,2016,M07,187.7,
WPU00000000,2016,M06,187.6,
WPU00000000,2016,M05,185.3,
WPU00000000,2016,M04,183.2,
WPU00000000,2016,M03,182.1,
WPU00000000,2016,M02,181.3,
WPU00000000,2016,M01,182.6,
WPU00000000,2015,M12,183.5,
WPU00000000,2015,M11,185.7,
WPU00000000,2015,M10,187.5,
WPU00000000,2015,M09,189.1,
WPU00000000,2015,M08,191.9,
WPU00000000,2015,M07,193.9,
WPU00000000,2015,M06,194.8,
WPU00000000,2015,M05,193.4,
WPU00000000,2015,M04,190.9,
WPU00000000,2015,M03,191.5,
WPU00000000,2015,M02,191.1,
WPU00000000,2015,M01,192.0,
WPU00000000,2014,M12,197.0,
WPU00000000,2014,M11,200.9,
WPU00000000,2014,M10,203.4,
WPU00000000,2014,M09,206.4,
WPU00000000,2014,M08,207.0,
WPU00000000,2014,M07,208.0,
WPU00000000,2014,M06,208.3,
WPU00000000,2014,M05,208.0,
WPU00000000,2014,M04,208.3,
WPU00000000,2014,M03,207.0,
WPU00000000,2014,M02,205.7,
WPU00000000,2014,M01,203.8,
WPU00000000,2013,M12,202.0,
WPU00000000,2013,M11,201.2,
WPU00000000,2013,M10,202.5,
WPU00000000,2013,M09,203.9,
WPU00000000,2013,M08,204.2,
WPU00000000,2013,M07,204.4,
WPU00000000,2013,M06,204.3,
WPU00000000,2013,M05,204.1,
WPU00000000,2013,M04,203.5,
WPU00000000,2013,M03,204.0,
WPU00000000,2013,M02,204.3,
WPU00000000,2013,M01,202.5,
WPU00000000,2012,M12,201.5,
WPU00000000,2012,M11,201.8,
WPU00000000,2012,M10,203.5,
WPU00000000,2012,M09,204.4,
WPU00000000,2012,M08,202.7,
WPU00000000,2012,M07,200.1,
WPU00000000,2012,M06,199.8,
WPU00000000,2012,M05,201.9,
WPU00000000,2012,M04,203.7,
WPU00000000,2012,M03,204.2,
WPU00000000,2012,M02,201.6,
WPU00000000,2012,M01,200.7,
WPU00000000,2011,M12,199.8,
WPU00000000,2011,M11,201.4,
WPU00000000,2011,M10,201.1,
WPU00000000,2011,M09,203.7,
WPU00000000,2011,M08,203.2,
WPU00000000,2011,M07,204.6,
WPU00000000,2011,M06,203.9,
WPU00000000,2011,M05,204.1,
WPU00000000,2011,M04,203.1,
WPU00000000,2011,M03,199.2,
WPU00000000,2011,M02,195.8,
WPU00000000,2011,M01,192.7,
CUUR0000SA0,2025,M12,324.054,
CUUR0000SA0,2025,M11,324.122,
CUUR0000SA0,2025,M10,-,Data unavailable due to the 2025 lapse in appropriations
CUUR0000SA0,2025,M09,324.800,
CUUR0000SA0,2025,M08,323.976,
CUUR0000SA0,2025,M07,323.048,
CUUR0000SA0,2025,M06,322.561,
CUUR0000SA0,2025,M05,321.465,
CUUR0000SA0,2025,M04,320.795,
CUUR0000SA0,2025,M03,319.799,
CUUR0000SA0,2025,M02,319.082,
CUUR0000SA0,2025,M01,317.671,
CUUR0000SA0,2024,M12,315.605,
CUUR0000SA0,2024,M11,315.493,
CUUR0000SA0,2024,M10,315.664,
CUUR0000SA0,2024,M09,315.301,
CUUR0000SA0,2024,M08,314.796,
CUUR0000SA0,2024,M07,314.540,
CUUR0000SA0,2024,M06,314.175,
CUUR0000SA0,2024,M05,314.069,
CUUR0000SA0,2024,M04,313.548,
CUUR0000SA0,2024,M03,312.332,
CUUR0000SA0,2024,M02,310.326,
CUUR0000SA0,2024,M01,308.417,
CUUR0000SA0,2023,M12,306.746,
CUUR0000SA0,2023,M11,307.051,
CUUR0000SA0,2023,M10,307.671,
CUUR0000SA0,2023,M09,307.789,
CUUR0000SA0,2023,M08,307.026,
CUUR0000SA0,2023,M07,305.691,
CUUR0000SA0,2023,M06,305.109,
CUUR0000SA0,2023,M05,304.127,
CUUR0000SA0,2023,M04,303.363,
CUUR0000SA0,2023,M03,301.836,
CUUR0000SA0,2023,M02,300.840,
CUUR0000SA0,2023,M01,299.170,
CUUR0000SA0,2022,M12,296.797,
CUUR0000SA0,2022,M11,297.711,
CUUR0000SA0,2022,M10,298.012,
CUUR0000SA0,2022,M09,296.808,
CUUR0000SA0,2022,M08,296.171,
CUUR0000SA0,2022,M07,296.276,
CUUR0000SA0,2022,M06,296.311,
CUUR0000SA0,2022,M05,292.296,
CUUR0000SA0,2022,M04,289.109,
CUUR0000SA0,2022,M03,287.504,
CUUR0000SA0,2022,M02,283.716,
CUUR0000SA0,2022,M01,281.148,
CUUR0000SA0,2021,M12,278.802,
CUUR0000SA0,2021,M11,277.948,
CUUR0000SA0,2021,M10,276.589,
CUUR0000SA0,2021,M09,274.310,
CUUR0000SA0,2021,M08,273.567,
CUUR0000SA0,2021,M07,273.003,
CUUR0000SA0,2021,M06,271.696,
CUUR0000SA0,2021,M05,269.195,
CUUR0000SA0,2021,M04,267.054,
CUUR0000SA0,2021,M03,264.877,
CUUR0000SA0,2021,M02,263.014,
CUUR0000SA0,2021,M01,261.582,
CUUR0000SA0,2020,M12,260.474,
CUUR0000SA0,2020,M11,260.229,
CUUR0000SA0,2020,M10,260.388,
CUUR0000SA0,2020,M09,260.280,
CUUR0000SA0,2020,M08,259.918,
CUUR0000SA0,2020,M07,259.101,
CUUR0000SA0,2020,M06,257.797,
CUUR0000SA0,2020,M05,256.394,
CUUR0000SA0,2020,M04,256.389,
CUUR0000SA0,2020,M03,258.115,
CUUR0000SA0,2020,M02,258.678,
CUUR0000SA0,2020,M01,257.971,
CUUR0000SA0,2019,M12,256.974,
CUUR0000SA0,2019,M11,257.208,
CUUR0000SA0,2019,M10,257.346,
CUUR0000SA0,2019,M09,256.759,
CUUR0000SA0,2019,M08,256.558,
CUUR0000SA0,2019,M07,256.571,
CUUR0000SA0,2019,M06,256.143,
CUUR0000SA0,2019,M05,256.092,
CUUR0000SA0,2019,M04,255.548,
CUUR0000SA0,2019,M03,254.202,
CUUR0000SA0,2019,M02,252.776,
CUUR0000SA0,2019,M01,251.712,
CUUR0000SA0,2018,M12,251.233,
CUUR0000SA0,2018,M11,252.038,
CUUR0000SA0,2018,M10,252.885,
CUUR0000SA0,2018,M09,252.439,
CUUR0000SA0,2018,M08,252.146,
CUUR0000SA0,2018,M07,252.006,
CUUR0000SA0,2018,M06,251.989,
CUUR0000SA0,2018,M05,251.588,
CUUR0000SA0,2018,M04,250.546,
CUUR0000SA0,2018,M03,249.554,
CUUR0000SA0,2018,M02,248.991,
CUUR0000SA0,2018,M01,247.867,
CUUR0000SA0,2017,M12,246.524,
CUUR0000SA0,2017,M11,246.669,
CUUR0000SA0,2017,M10,246.663,
CUUR0000SA0,2017,M09,246.819,
CUUR0000SA0,2017,M08,245.519,
CUUR0000SA0,2017,M07,244.786,
CUUR0000SA0,2017,M06,244.955,
CUUR0000SA0,2017,M05,244.733,
CUUR0000SA0,2017,M04,244.524,
CUUR0000SA0,2017,M03,243.801,
CUUR0000SA0,2017,M02,243.603,
CUUR0000SA0,2017,M01,242.839,
CUUR0000SA0,2016,M12,241.432,
CUUR0000SA0,2016,M11,241.353,
CUUR0000SA0,2016,M10,241.729,
CUUR0000SA0,2016,M09,241.428,
CUUR0000SA0,2016,M08,240.849,
CUUR0000SA0,2016,M07,240.628,
CUUR0000SA0,2016,M06,241.018,
CUUR0000SA0,2016,M05,240.229,
CUUR0000SA0,2016,M04,239.261,
CUUR0000SA0,2016,M03,238.132,
CUUR0000SA0,2016,M02,237.111,
CUUR0000SA0,2016,M01,236.916,
CUUR0000SA0,2015,M12,236.525,
CUUR0000SA0,2015,M11,237.336,
CUUR0000SA0,2015,M10,237.838,
CUUR0000SA0,2015,M09,237.945,
CUUR0000SA0,2015,M08,238.316,
CUUR0000SA0,2015,M07,238.654,
CUUR0000SA0,2015,M06,238.638,
CUUR0000SA0,2015,M05,237.805,
CUUR0000SA0,2015,M04,236.599,
CUUR0000SA0,2015,M03,236.119,
CUUR0000SA0,2015,M02,234.722,
CUUR0000SA0,2015,M01,233.707,
CUUR0000SA0,2014,M12,234.812,
CUUR0000SA0,2014,M11,236.151,
CUUR0000SA0,2014,M10,237.433,
CUUR0000SA0,2014,M09,238.031,
CUUR0000SA0,2014,M08,237.852,
CUUR0000SA0,2014,M07,238.250,
CUUR0000SA0,2014,M06,238.343,
CUUR0000SA0,2014,M05,237.900,
CUUR0000SA0,2014,M04,237.072,
CUUR0000SA0,2014,M03,236.293,
CUUR0000SA0,2014,M02,234.781,
CUUR0000SA0,2014,M01,233.916,
CUUR0000SA0,2013,M12,233.049,
CUUR0000SA0,2013,M11,233.069,
CUUR0000SA0,2013,M10,233.546,
CUUR0000SA0,2013,M09,234.149,
CUUR0000SA0,2013,M08,233.877,
CUUR0000SA0,2013,M07,233.596,
CUUR0000SA0,2013,M06,233.504,
CUUR0000SA0,2013,M05,232.945,
CUUR0000SA0,2013,M04,232.531,
CUUR0000SA0,2013,M03,232.773,
CUUR0000SA0,2013,M02,232.166,
CUUR0000SA0,2013,M01,230.280,
CUUR0000SA0,2012,M12,229.601,
CUUR0000SA0,2012,M11,230.221,
CUUR0000SA0,2012,M10,231.317,
CUUR0000SA0,2012,M09,231.407,
CUUR0000SA0,2012,M08,230.379,
CUUR0000SA0,2012,M07,229.104,
CUUR0000SA0,2012,M06,229.478,
CUUR0000SA0,2012,M05,229.815,
CUUR0000SA0,2012,M04,230.085,
CUUR0000SA0,2012,M03,229.392,
CUUR0000SA0,2012,M02,227.663,
CUUR0000SA0,2012,M01,226.665,
CUUR0000SA0,2011,M12,225.672,
CUUR0000SA0,2011,M11,226.230,
CUUR0000SA0,2011,M10,226.421,
CUUR0000SA0,2011,M09,226.889,
CUUR0000SA0,2011,M08,226.545,
CUUR0000SA0,2011,M07,225.922,
CUUR0000SA0,2011,M06,225.722,
CUUR0000SA0,2011,M05,225.964,
CUUR0000SA0,2011,M04,224.906,
CUUR0000SA0,2011,M03,223.467,
CUUR0000SA0,2011,M02,221.309,
CUUR0000SA0,2011,M01,220.223,
CUUR0000SA0L1E,2025,M12,330.506,
CUUR0000SA0L1E,2025,M11,330.425,
CUUR0000SA0L1E,2025,M10,-,Data unavailable due to the 2025 lapse in appropriations
CUUR0000SA0L1E,2025,M09,330.804,
CUUR0000SA0L1E,2025,M08,329.970,
CUUR0000SA0L1E,2025,M07,328.980,
CUUR0000SA0L1E,2025,M06,328.364,
CUUR0000SA0L1E,2025,M05,327.509,
CUUR0000SA0L1E,2025,M04,326.815,
CUUR0000SA0L1E,2025,M03,325.933,
CUUR0000SA0L1E,2025,M02,325.252,
CUUR0000SA0L1E,2025,M01,323.842,
CUUR0000SA0L1E,2024,M12,322.007,
CUUR0000SA0L1E,2024,M11,321.947,
CUUR0000SA0L1E,2024,M10,321.758,
CUUR0000SA0L1E,2024,M09,321.109,
CUUR0000SA0L1E,2024,M08,320.017,
CUUR0000SA0L1E,2024,M07,319.214,
CUUR0000SA0L1E,2024,M06,319.003,
CUUR0000SA0L1E,2024,M05,318.629,
CUUR0000SA0L1E,2024,M04,317.978,
CUUR0000SA0L1E,2024,M03,317.088,
CUUR0000SA0L1E,2024,M02,315.419,
CUUR0000SA0L1E,2024,M01,313.623,
CUUR0000SA0L1E,2023,M12,311.907,
CUUR0000SA0L1E,2023,M11,311.606,
CUUR0000SA0L1E,2023,M10,311.380,
CUUR0000SA0L1E,2023,M09,310.817,
CUUR0000SA0L1E,2023,M08,310.103,
CUUR0000SA0L1E,2023,M07,309.402,
CUUR0000SA0L1E,2023,M06,308.910,
CUUR0000SA0L1E,2023,M05,308.096,
CUUR0000SA0L1E,2023,M04,306.899,
CUUR0000SA0L1E,2023,M03,305.476,
CUUR0000SA0L1E,2023,M02,304.011,
CUUR0000SA0L1E,2023,M01,301.962,
CUUR0000SA0L1E,2022,M12,300.113,
CUUR0000SA0L1E,2022,M11,299.600,
CUUR0000SA0L1E,2022,M10,299.315,
CUUR0000SA0L1E,2022,M09,298.442,
CUUR0000SA0L1E,2022,M08,297.178,
CUUR0000SA0L1E,2022,M07,295.646,
CUUR0000SA0L1E,2022,M06,294.680,
CUUR0000SA0L1E,2022,M05,292.506,
CUUR0000SA0L1E,2022,M04,290.846,
CUUR0000SA0L1E,2022,M03,289.305,
CUUR0000SA0L1E,2022,M02,288.059,
CUUR0000SA0L1E,2022,M01,285.996,
CUUR0000SA0L1E,2021,M12,283.908,
CUUR0000SA0L1E,2021,M11,282.754,
CUUR0000SA0L1E,2021,M10,281.617,
CUUR0000SA0L1E,2021,M09,279.884,
CUUR0000SA0L1E,2021,M08,279.507,
CUUR0000SA0L1E,2021,M07,279.146,
CUUR0000SA0L1E,2021,M06,278.218,
CUUR0000SA0L1E,2021,M05,275.893,
CUUR0000SA0L1E,2021,M04,273.968,
CUUR0000SA0L1E,2021,M03,271.713,
CUUR0000SA0L1E,2021,M02,270.696,
CUUR0000SA0L1E,2021,M01,269.755,
CUUR0000SA0L1E,2020,M12,269.226,
CUUR0000SA0L1E,2020,M11,269.473,
CUUR0000SA0L1E,2020,M10,269.328,
CUUR0000SA0L1E,2020,M09,269.054,
CUUR0000SA0L1E,2020,M08,268.756,
CUUR0000SA0L1E,2020,M07,267.703,
CUUR0000SA0L1E,2020,M06,266.302,
CUUR0000SA0L1E,2020,M05,265.799,
CUUR0000SA0L1E,2020,M04,266.089,
CUUR0000SA0L1E,2020,M03,267.312,
CUUR0000SA0L1E,2020,M02,267.268,
CUUR0000SA0L1E,2020,M01,266.004,
CUUR0000SA0L1E,2019,M12,264.935,
CUUR0000SA0L1E,2019,M11,265.108,
CUUR0000SA0L1E,2019,M10,265.059,
CUUR0000SA0L1E,2019,M09,264.522,
CUUR0000SA0L1E,2019,M08,264.169,
CUUR0000SA0L1E,2019,M07,263.566,
CUUR0000SA0L1E,2019,M06,263.177,
CUUR0000SA0L1E,2019,M05,262.590,
CUUR0000SA0L1E,2019,M04,262.332,
CUUR0000SA0L1E,2019,M03,261.836,
CUUR0000SA0L1E,2019,M02,261.114,
CUUR0000SA0L1E,2019,M01,260.122,
CUUR0000SA0L1E,2018,M12,259.083,
CUUR0000SA0L1E,2018,M11,259.105,
CUUR0000SA0L1E,2018,M10,259.063,
CUUR0000SA0L1E,2018,M09,258.429,
CUUR0000SA0L1E,2018,M08,258.012,
CUUR0000SA0L1E,2018,M07,257.867,
CUUR0000SA0L1E,2018,M06,257.697,
CUUR0000SA0L1E,2018,M05,257.469,
CUUR0000SA0L1E,2018,M04,257.025,
CUUR0000SA0L1E,2018,M03,256.610,
CUUR0000SA0L1E,2018,M02,255.783,
CUUR0000SA0L1E,2018,M01,254.638,
CUUR0000SA0L1E,2017,M12,253.558,
CUUR0000SA0L1E,2017,M11,253.492,
CUUR0000SA0L1E,2017,M10,253.638,
CUUR0000SA0L1E,2017,M09,252.941,
CUUR0000SA0L1E,2017,M08,252.460,
CUUR0000SA0L1E,2017,M07,251.936,
CUUR0000SA0L1E,2017,M06,252.014,
CUUR0000SA0L1E,2017,M05,251.835,
CUUR0000SA0L1E,2017,M04,251.642,
CUUR0000SA0L1E,2017,M03,251.290,
CUUR0000SA0L1E,2017,M02,251.143,
CUUR0000SA0L1E,2017,M01,250.083,
CUUR0000SA0L1E,2016,M12,249.134,
CUUR0000SA0L1E,2016,M11,249.227,
CUUR0000SA0L1E,2016,M10,249.218,
CUUR0000SA0L1E,2016,M09,248.731,
CUUR0000SA0L1E,2016,M08,248.278,
CUUR0000SA0L1E,2016,M07,247.744,
CUUR0000SA0L1E,2016,M06,247.794,
CUUR0000SA0L1E,2016,M05,247.544,
CUUR0000SA0L1E,2016,M04,246.992,
CUUR0000SA0L1E,2016,M03,246.358,
CUUR0000SA0L1E,2016,M02,245.680,
CUUR0000SA0L1E,2016,M01,244.528,
CUUR0000SA0L1E,2015,M12,243.779,
CUUR0000SA0L1E,2015,M11,244.075,
CUUR0000SA0L1E,2015,M10,243.985,
CUUR0000SA0L1E,2015,M09,243.359,
CUUR0000SA0L1E,2015,M08,242.651,
CUUR0000SA0L1E,2015,M07,242.436,
CUUR0000SA0L1E,2015,M06,242.354,
CUUR0000SA0L1E,2015,M05,242.119,
CUUR0000SA0L1E,2015,M04,241.802,
CUUR0000SA0L1E,2015,M03,241.067,
CUUR0000SA0L1E,2015,M02,240.083,
CUUR0000SA0L1E,2015,M01,239.248,
CUUR0000SA0L1E,2014,M12,238.775,
CUUR0000SA0L1E,2014,M11,239.248,
CUUR0000SA0L1E,2014,M10,239.413,
CUUR0000SA0L1E,2014,M09,238.841,
CUUR0000SA0L1E,2014,M08,238.296,
CUUR0000SA0L1E,2014,M07,238.138,
CUUR0000SA0L1E,2014,M06,238.157,
CUUR0000SA0L1E,2014,M05,238.029,
CUUR0000SA0L1E,2014,M04,237.509,
CUUR0000SA0L1E,2014,M03,236.913,
CUUR0000SA0L1E,2014,M02,236.075,
CUUR0000SA0L1E,2014,M01,235.367,
CUUR0000SA0L1E,2013,M12,235.000,
CUUR0000SA0L1E,2013,M11,235.243,
CUUR0000SA0L1E,2013,M10,235.162,
CUUR0000SA0L1E,2013,M09,234.782,
CUUR0000SA0L1E,2013,M08,234.258,
CUUR0000SA0L1E,2013,M07,233.792,
CUUR0000SA0L1E,2013,M06,233.640,
CUUR0000SA0L1E,2013,M05,233.462,
CUUR0000SA0L1E,2013,M04,233.236,
CUUR0000SA0L1E,2013,M03,233.052,
CUUR0000SA0L1E,2013,M02,232.432,
CUUR0000SA0L1E,2013,M01,231.612,
CUUR0000SA0L1E,2012,M12,231.033,
CUUR0000SA0L1E,2012,M11,231.263,
CUUR0000SA0L1E,2012,M10,231.276,
CUUR0000SA0L1E,2012,M09,230.780,
CUUR0000SA0L1E,2012,M08,230.196,
CUUR0000SA0L1E,2012,M07,229.893,
CUUR0000SA0L1E,2012,M06,229.879,
CUUR0000SA0L1E,2012,M05,229.602,
CUUR0000SA0L1E,2012,M04,229.303,
CUUR0000SA0L1E,2012,M03,228.735,
CUUR0000SA0L1E,2012,M02,227.865,
CUUR0000SA0L1E,2012,M01,227.237,
CUUR0000SA0L1E,2011,M12,226.740,
CUUR0000SA0L1E,2011,M11,226.859,
CUUR0000SA0L1E,2011,M10,226.743,
CUUR0000SA0L1E,2011,M09,226.289,
CUUR0000SA0L1E,2011,M08,225.874,
CUUR0000SA0L1E,2011,M07,225.164,
CUUR0000SA0L1E,2011,M06,224.891,
CUUR0000SA0L1E,2011,M05,224.534,
CUUR0000SA0L1E,2011,M04,224.118,
CUUR0000SA0L1E,2011,M03,223.690,
CUUR0000SA0L1E,2011,M02,223.011,
CUUR0000SA0L1E,2011,M01,222.177,
WPU57,2025,M09,170.876,Preliminary. All indexes are subject to monthly revisions up to four months after original publication.
WPU57,2025,M08,170.726,Preliminary. All indexes are subject to monthly revisions up to four months after original publication.
WPU57,2025,M07,174.970,Preliminary. All indexes are subject to monthly revisions up to four months after original publication.
WPU57,2025,M06,171.394,Preliminary. All indexes are subject to monthly revisions up to four months after original publication.
WPU57,2025,M05,171.314,
WPU57,2025,M04,169.708,
WPU57,2025,M03,173.478,
WPU57,2025,M02,169.872,
WPU57,2025,M01,170.691,
WPU57,2024,M12,169.089,
WPU57,2024,M11,169.762,
WPU57,2024,M10,170.097,
WPU57,2024,M09,167.919,
WPU57,2024,M08,165.975,
WPU57,2024,M07,164.555,
WPU57,2024,M06,166.577,
WPU57,2024,M05,162.883,
WPU57,2024,M04,163.289,
WPU57,2024,M03,161.725,
WPU57,2024,M02,161.285,
WPU57,2024,M01,162.416,
WPU57,2023,M12,159.856,
WPU57,2023,M11,163.495,
WPU57,2023,M10,160.605,
WPU57,2023,M09,158.334,
WPU57,2023,M08,161.051,
WPU57,2023,M07,162.231,
WPU57,2023,M06,156.518,
WPU57,2023,M05,158.584,
WPU57,2023,M04,158.502,
WPU57,2023,M03,155.895,
WPU57,2023,M02,155.920,
WPU57,2023,M01,156.528,
WPU57,2022,M12,156.981,
WPU57,2022,M11,158.243,
WPU57,2022,M10,156.098,
WPU57,2022,M09,156.212,
WPU57,2022,M08,155.530,
WPU57,2022,M07,155.842,
WPU57,2022,M06,154.529,
WPU57,2022,M05,154.625,
WPU57,2022,M04,153.161,
WPU57,2022,M03,151.309,
WPU57,2022,M02,146.670,
WPU57,2022,M01,144.446,
WPU57,2021,M12,143.178,
WPU57,2021,M11,141.336,
WPU57,2021,M10,140.600,
WPU57,2021,M09,139.239,
WPU57,2021,M08,141.139,
WPU57,2021,M07,136.357,
WPU57,2021,M06,133.6,
WPU57,2021,M05,132.6,
WPU57,2021,M04,130.1,
WPU57,2021,M03,128.3,
WPU57,2021,M02,127.9,
WPU57,2021,M01,127.5,
WPU57,2020,M12,127.6,
WPU57,2020,M11,126.2,
WPU57,2020,M10,125.9,
WPU57,2020,M09,124.3,
WPU57,2020,M08,124.9,
WPU57,2020,M07,124.4,
WPU57,2020,M06,124.0,
WPU57,2020,M05,122.8,
WPU57,2020,M04,122.2,
WPU57,2020,M03,122.1,
WPU57,2020,M02,121.8,
WPU57,2020,M01,123.2,
WPU57,2019,M12,123.3,
WPU57,2019,M11,122.3,
WPU57,2019,M10,122.9,
WPU57,2019,M09,123.0,
WPU57,2019,M08,123.7,
WPU57,2019,M07,122.9,
WPU57,2019,M06,122.2,
WPU57,2019,M05,123.0,
WPU57,2019,M04,122.9,
WPU57,2019,M03,121.8,
WPU57,2019,M02,120.6,
WPU57,2019,M01,120.6,
WPU57,2018,M12,119.9,
WPU57,2018,M11,119.7,
WPU57,2018,M10,120.3,
WPU57,2018,M09,118.2,
WPU57,2018,M08,118.4,
WPU57,2018,M07,119.2,
WPU57,2018,M06,118.6,
WPU57,2018,M05,118.3,
WPU57,2018,M04,117.7,
WPU57,2018,M03,116.9,
WPU57,2018,M02,116.2,
WPU57,2018,M01,116.1,
WPU57,2017,M12,116.0,
WPU57,2017,M11,116.3,
WPU57,2017,M10,116.4,
WPU57,2017,M09,116.1,
WPU57,2017,M08,115.8,
WPU57,2017,M07,115.2,
WPU57,2017,M06,114.5,
WPU57,2017,M05,114.9,
WPU57,2017,M04,114.0,
WPU57,2017,M03,112.7,
WPU57,2017,M02,112.3,
WPU57,2017,M01,112.0,
WPU57,2016,M12,112.2,
WPU57,2016,M11,111.2,
WPU57,2016,M10,110.7,
WPU57,2016,M09,110.8,
WPU57,2016,M08,110.7,
WPU57,2016,M07,111.7,
WPU57,2016,M06,112.4,
WPU57,2016,M05,112.0,
WPU57,2016,M04,111.5,
WPU57,2016,M03,111.9,
WPU57,2016,M02,112.2,
WPU57,2016,M01,111.8,
WPU57,2015,M12,110.2,
WPU57,2015,M11,109.9,
WPU57,2015,M10,110.3,
WPU57,2015,M09,110.4,
WPU57,2015,M08,110.1,
WPU57,2015,M07,111.7,
WPU57,2015,M06,111.1,
WPU57,2015,M05,111.1,
WPU57,2015,M04,110.6,
WPU57,2015,M03,110.8,
WPU57,2015,M02,110.4,
WPU57,2015,M01,111.9,
WPU57,2014,M12,110.7,
WPU57,2014,M11,110.4,
WPU57,2014,M10,110.6,
WPU57,2014,M09,109.6,
WPU57,2014,M08,109.4,
WPU57,2014,M07,110.1,
WPU57,2014,M06,108.8,
WPU57,2014,M05,108.9,
WPU57,2014,M04,108.2,
WPU57,2014,M03,108.6,
WPU57,2014,M02,108.2,
WPU57,2014,M01,107.6,
WPU57,2013,M12,107.5,
WPU57,2013,M11,108.0,
WPU57,2013,M10,107.6,
WPU57,2013,M09,107.6,
WPU57,2013,M08,107.0,
WPU57,2013,M07,107.2,
WPU57,2013,M06,106.5,
WPU57,2013,M05,106.0,
WPU57,2013,M04,107.6,
WPU57,2013,M03,107.7,
WPU57,2013,M02,106.7,
WPU57,2013,M01,108.7,
WPU57,2012,M12,108.5,
WPU57,2012,M11,108.4,
WPU57,2012,M10,107.7,
WPU57,2012,M09,106.1,
WPU57,2012,M08,104.9,
WPU57,2012,M07,105.8,
WPU57,2012,M06,104.5,
WPU57,2012,M05,104.9,
WPU57,2012,M04,104.1,
WPU57,2012,M03,105.6,
WPU57,2012,M02,104.6,
WPU57,2012,M01,104.5,
WPU57,2011,M12,102.5,
WPU57,2011,M11,101.9,
WPU57,2011,M10,102.7,
WPU57,2011,M09,103.5,
WPU57,2011,M08,103.7,
WPU57,2011,M07,102.6,
WPU57,2011,M06,102.7,
WPU57,2011,M05,103.5,
WPU57,2011,M04,102.3,
WPU57,2011,M03,101.8,
WPU57,2011,M02,100.5,
WPU57,2011,M01,99.9,
WPU58,2025,M09,155.074,Preliminary. All indexes are subject to monthly revisions up to four months after original publication.
WPU58,2025,M08,154.284,Preliminary. All indexes are subject to monthly revisions up to four months after original publication.
WPU58,2025,M07,154.519,Preliminary. All indexes are subject to monthly revisions up to four months after original publication.
WPU58,2025,M06,156.263,Preliminary. All indexes are subject to monthly revisions up to four months after original publication.
WPU58,2025,M05,157.195,
WPU58,2025,M04,155.930,
WPU58,2025,M03,152.690,
WPU58,2025,M02,153.252,
WPU58,2025,M01,152.744,
WPU58,2024,M12,150.844,
WPU58,2024,M11,149.428,
WPU58,2024,M10,151.628,
WPU58,2024,M09,151.942,
WPU58,2024,M08,149.994,
WPU58,2024,M07,147.898,
WPU58,2024,M06,150.662,
WPU58,2024,M05,150.561,
WPU58,2024,M04,148.221,
WPU58,2024,M03,148.973,
WPU58,2024,M02,149.384,
WPU58,2024,M01,147.598,
WPU58,2023,M12,149.962,
WPU58,2023,M11,149.508,
WPU58,2023,M10,152.747,
WPU58,2023,M09,154.044,
WPU58,2023,M08,152.784,
WPU58,2023,M07,151.138,
WPU58,2023,M06,153.247,
WPU58,2023,M05,153.955,
WPU58,2023,M04,153.578,
WPU58,2023,M03,154.597,
WPU58,2023,M02,154.049,
WPU58,2023,M01,153.018,
WPU58,2022,M12,154.163,
WPU58,2022,M11,154.241,
WPU58,2022,M10,156.711,
WPU58,2022,M09,154.809,
WPU58,2022,M08,155.795,
WPU58,2022,M07,153.569,
WPU58,2022,M06,153.421,
WPU58,2022,M05,153.715,
WPU58,2022,M04,155.042,
WPU58,2022,M03,155.077,
WPU58,2022,M02,150.418,
WPU58,2022,M01,146.750,
WPU58,2021,M12,144.341,
WPU58,2021,M11,142.685,
WPU58,2021,M10,141.867,
WPU58,2021,M09,140.820,
WPU58,2021,M08,138.794,
WPU58,2021,M07,138.722,
WPU58,2021,M06,137.9,
WPU58,2021,M05,135.5,
WPU58,2021,M04,134.2,
WPU58,2021,M03,128.9,
WPU58,2021,M02,127.4,
WPU58,2021,M01,126.1,
WPU58,2020,M12,123.3,
WPU58,2020,M11,125.5,
WPU58,2020,M10,129.0,
WPU58,2020,M09,126.1,
WPU58,2020,M08,124.1,
WPU58,2020,M07,123.3,
WPU58,2020,M06,122.1,
WPU58,2020,M05,123.7,
WPU58,2020,M04,125.5,
WPU58,2020,M03,122.9,
WPU58,2020,M02,120.5,
WPU58,2020,M01,119.4,
WPU58,2019,M12,118.5,
WPU58,2019,M11,118.8,
WPU58,2019,M10,122.1,
WPU58,2019,M09,120.0,
WPU58,2019,M08,119.9,
WPU58,2019,M07,118.1,
WPU58,2019,M06,119.0,
WPU58,2019,M05,117.8,
WPU58,2019,M04,119.3,
WPU58,2019,M03,117.6,
WPU58,2019,M02,117.7,
WPU58,2019,M01,117.1,
WPU58,2018,M12,118.7,
WPU58,2018,M11,118.3,
WPU58,2018,M10,118.2,
WPU58,2018,M09,115.3,
WPU58,2018,M08,115.6,
WPU58,2018,M07,115.6,
WPU58,2018,M06,117.0,
WPU58,2018,M05,116.2,
WPU58,2018,M04,116.3,
WPU58,2018,M03,116.1,
WPU58,2018,M02,116.3,
WPU58,2018,M01,114.9,
WPU58,2017,M12,114.4,
WPU58,2017,M11,115.5,
WPU58,2017,M10,117.2,
WPU58,2017,M09,114.0,
WPU58,2017,M08,114.2,
WPU58,2017,M07,113.9,
WPU58,2017,M06,114.6,
WPU58,2017,M05,115.2,
WPU58,2017,M04,115.2,
WPU58,2017,M03,115.6,
WPU58,2017,M02,114.0,
WPU58,2017,M01,114.9,
WPU58,2016,M12,113.3,
WPU58,2016,M11,115.1,
WPU58,2016,M10,116.3,
WPU58,2016,M09,114.6,
WPU58,2016,M08,113.2,
WPU58,2016,M07,114.3,
WPU58,2016,M06,114.8,
WPU58,2016,M05,113.9,
WPU58,2016,M04,114.5,
WPU58,2016,M03,113.5,
WPU58,2016,M02,113.9,
WPU58,2016,M01,114.1,
WPU58,2015,M12,113.7,
WPU58,2015,M11,114.9,
WPU58,2015,M10,115.3,
WPU58,2015,M09,114.8,
WPU58,2015,M08,114.4,
WPU58,2015,M07,113.6,
WPU58,2015,M06,112.4,
WPU58,2015,M05,112.5,
WPU58,2015,M04,113.2,
WPU58,2015,M03,112.9,
WPU58,2015,M02,112.0,
WPU58,2015,M01,112.3,
WPU58,2014,M12,113.5,
WPU58,2014,M11,113.1,
WPU58,2014,M10,115.0,
WPU58,2014,M09,110.5,
WPU58,2014,M08,111.8,
WPU58,2014,M07,112.1,
WPU58,2014,M06,109.8,
WPU58,2014,M05,111.5,
WPU58,2014,M04,110.4,
WPU58,2014,M03,111.4,
WPU58,2014,M02,109.6,
WPU58,2014,M01,107.9,
WPU58,2013,M12,108.6,
WPU58,2013,M11,110.9,
WPU58,2013,M10,111.8,
WPU58,2013,M09,110.3,
WPU58,2013,M08,109.9,
WPU58,2013,M07,110.6,
WPU58,2013,M06,109.7,
WPU58,2013,M05,108.9,
WPU58,2013,M04,111.0,
WPU58,2013,M03,110.0,
WPU58,2013,M02,108.9,
WPU58,2013,M01,106.9,
WPU58,2012,M12,109.2,
WPU58,2012,M11,109.3,
WPU58,2012,M10,108.5,
WPU58,2012,M09,106.9,
WPU58,2012,M08,106.4,
WPU58,2012,M07,107.3,
WPU58,2012,M06,108.9,
WPU58,2012,M05,109.4,
WPU58,2012,M04,108.8,
WPU58,2012,M03,107.5,
WPU58,2012,M02,106.8,
WPU58,2012,M01,104.7,
WPU58,2011,M12,105.5,
WPU58,2011,M11,106.5,
WPU58,2011,M10,106.1,
WPU58,2011,M09,106.8,
WPU58,2011,M08,106.0,
WPU58,2011,M07,104.7,
WPU58,2011,M06,105.6,
WPU58,2011,M05,105.7,
WPU58,2011,M04,105.0,
WPU58,2011,M03,105.8,
WPU58,2011,M02,103.5,
WPU58,2011,M01,102.2,
WPSFD423,2025,M09,158.191,Preliminary. All indexes are subject to monthly revisions up to four months after original publication.
WPSFD423,2025,M08,158.544,Preliminary. All indexes are subject to monthly revisions up to four months after original publication.
WPSFD423,2025,M07,161.279,Preliminary. All indexes are subject to monthly revisions up to four months after original publication.
WPSFD423,2025,M06,159.584,Preliminary. All indexes are subject to monthly revisions up to four months after original publication.
WPSFD423,2025,M05,159.942,
WPSFD423,2025,M04,157.674,
WPSFD423,2025,M03,158.053,
WPSFD423,2025,M02,157.445,
WPSFD423,2025,M01,158.650,
WPSFD423,2024,M12,156.731,
WPSFD423,2024,M11,156.021,
WPSFD423,2024,M10,156.964,
WPSFD423,2024,M09,155.882,
WPSFD423,2024,M08,153.972,
WPSFD423,2024,M07,152.270,
WPSFD423,2024,M06,154.957,
WPSFD423,2024,M05,152.159,
WPSFD423,2024,M04,151.261,
WPSFD423,2024,M03,150.480,
WPSFD423,2024,M02,150.951,
WPSFD423,2024,M01,150.610,
WPSFD423,2023,M12,150.155,
WPSFD423,2023,M11,152.008,
WPSFD423,2023,M10,151.416,
WPSFD423,2023,M09,151.337,
WPSFD423,2023,M08,153.161,
WPSFD423,2023,M07,153.294,
WPSFD423,2023,M06,150.450,
WPSFD423,2023,M05,151.893,
WPSFD423,2023,M04,151.046,
WPSFD423,2023,M03,150.346,
WPSFD423,2023,M02,151.222,
WPSFD423,2023,M01,151.401,
WPSFD423,2022,M12,152.492,
WPSFD423,2022,M11,152.185,
WPSFD423,2022,M10,151.501,
WPSFD423,2022,M09,150.956,
WPSFD423,2022,M08,151.359,
WPSFD423,2022,M07,150.098,
WPSFD423,2022,M06,148.579,
WPSFD423,2022,M05,148.176,
WPSFD423,2022,M04,147.553,
WPSFD423,2022,M03,147.122,
WPSFD423,2022,M02,143.846,
WPSFD423,2022,M01,141.488,
WPSFD423,2021,M12,139.673,
WPSFD423,2021,M11,137.425,
WPSFD423,2021,M10,135.330,
WPSFD423,2021,M09,134.370,
WPSFD423,2021,M08,134.552,
WPSFD423,2021,M07,131.899,
WPSFD423,2021,M06,129.5,
WPSFD423,2021,M05,128.5,
WPSFD423,2021,M04,126.4,
WPSFD423,2021,M03,123.6,
WPSFD423,2021,M02,123.4,
WPSFD423,2021,M01,123.1,
WPSFD423,2020,M12,122.3,
WPSFD423,2020,M11,123.0,
WPSFD423,2020,M10,123.7,
WPSFD423,2020,M09,121.9,
WPSFD423,2020,M08,122.4,
WPSFD423,2020,M07,122.5,
WPSFD423,2020,M06,121.4,
WPSFD423,2020,M05,121.5,
WPSFD423,2020,M04,121.7,
WPSFD423,2020,M03,120.5,
WPSFD423,2020,M02,119.4,
WPSFD423,2020,M01,120.3,
WPSFD423,2019,M12,120.0,
WPSFD423,2019,M11,119.4,
WPSFD423,2019,M10,120.8,
WPSFD423,2019,M09,119.9,
WPSFD423,2019,M08,121.2,
WPSFD423,2019,M07,120.2,
WPSFD423,2019,M06,120.0,
WPSFD423,2019,M05,119.7,
WPSFD423,2019,M04,119.7,
WPSFD423,2019,M03,118.7,
WPSFD423,2019,M02,118.5,
WPSFD423,2019,M01,118.6,
WPSFD423,2018,M12,119.1,
WPSFD423,2018,M11,118.4,
WPSFD423,2018,M10,118.2,
WPSFD423,2018,M09,116.3,
WPSFD423,2018,M08,116.7,
WPSFD423,2018,M07,117.1,
WPSFD423,2018,M06,117.4,
WPSFD423,2018,M05,116.6,
WPSFD423,2018,M04,115.9,
WPSFD423,2018,M03,115.7,
WPSFD423,2018,M02,115.8,
WPSFD423,2018,M01,115.7,
WPSFD423,2017,M12,115.4,
WPSFD423,2017,M11,115.9,
WPSFD423,2017,M10,116.1,
WPSFD423,2017,M09,115.3,
WPSFD423,2017,M08,115.4,
WPSFD423,2017,M07,114.8,
WPSFD423,2017,M06,114.6,
WPSFD423,2017,M05,114.9,
WPSFD423,2017,M04,113.9,
WPSFD423,2017,M03,113.7,
WPSFD423,2017,M02,113.0,
WPSFD423,2017,M01,114.1,
WPSFD423,2016,M12,113.4,
WPSFD423,2016,M11,113.5,
WPSFD423,2016,M10,113.1,
WPSFD423,2016,M09,112.9,
WPSFD423,2016,M08,112.3,
WPSFD423,2016,M07,112.9,
WPSFD423,2016,M06,113.8,
WPSFD423,2016,M05,113.0,
WPSFD423,2016,M04,112.7,
WPSFD423,2016,M03,112.7,
WPSFD423,2016,M02,113.5,
WPSFD423,2016,M01,113.8,
WPSFD423,2015,M12,112.3,
WPSFD423,2015,M11,112.0,
WPSFD423,2015,M10,111.5,
WPSFD423,2015,M09,112.1,
WPSFD423,2015,M08,111.8,
WPSFD423,2015,M07,112.2,
WPSFD423,2015,M06,111.3,
WPSFD423,2015,M05,111.0,
WPSFD423,2015,M04,110.8,
WPSFD423,2015,M03,111.1,
WPSFD423,2015,M02,110.9,
WPSFD423,2015,M01,112.7,
WPSFD423,2014,M12,112.2,
WPSFD423,2014,M11,111.5,
WPSFD423,2014,M10,111.8,
WPSFD423,2014,M09,109.8,
WPSFD423,2014,M08,110.7,
WPSFD423,2014,M07,111.3,
WPSFD423,2014,M06,109.5,
WPSFD423,2014,M05,110.2,
WPSFD423,2014,M04,108.9,
WPSFD423,2014,M03,109.5,
WPSFD423,2014,M02,108.8,
WPSFD423,2014,M01,108.2,
WPSFD423,2013,M12,107.9,
WPSFD423,2013,M11,109.1,
WPSFD423,2013,M10,108.8,
WPSFD423,2013,M09,108.6,
WPSFD423,2013,M08,108.4,
WPSFD423,2013,M07,108.9,
WPSFD423,2013,M06,108.0,
WPSFD423,2013,M05,107.0,
WPSFD423,2013,M04,108.2,
WPSFD423,2013,M03,107.8,
WPSFD423,2013,M02,107.4,
WPSFD423,2013,M01,107.9,
WPSFD423,2012,M12,108.3,
WPSFD423,2012,M11,108.2,
WPSFD423,2012,M10,106.8,
WPSFD423,2012,M09,106.3,
WPSFD423,2012,M08,105.4,
WPSFD423,2012,M07,106.7,
WPSFD423,2012,M06,107.3,
WPSFD423,2012,M05,107.5,
WPSFD423,2012,M04,106.5,
WPSFD423,2012,M03,106.4,
WPSFD423,2012,M02,105.8,
WPSFD423,2012,M01,105.1,
WPSFD423,2011,M12,104.3,
WPSFD423,2011,M11,104.6,
WPSFD423,2011,M10,104.2,
WPSFD423,2011,M09,105.4,
WPSFD423,2011,M08,105.0,
WPSFD423,2011,M07,104.0,
WPSFD423,2011,M06,104.4,
WPSFD423,2011,M05,104.4,
WPSFD423,2011,M04,103.7,
WPSFD423,2011,M03,103.7,
WPSFD423,2011,M02,102.3,
WPSFD423,2011,M01,101.9,
WPUFD411,2025,M09,160.104,Preliminary. All indexes are subject to monthly revisions up to four months after original publication.
WPUFD411,2025,M08,158.538,Preliminary. All indexes are subject to monthly revisions up to four months after original publication.
WPUFD411,2025,M07,159.006,Preliminary. All indexes are subject to monthly revisions up to four months after original publication.
WPUFD411,2025,M06,157.401,Preliminary. All indexes are subject to monthly revisions up to four months after original publication.
WPUFD411,2025,M05,156.616,
WPUFD411,2025,M04,156.271,
WPUFD411,2025,M03,157.304,
WPUFD411,2025,M02,159.932,
WPUFD411,2025,M01,157.505,
WPUFD411,2024,M12,156.445,
WPUFD411,2024,M11,157.270,
WPUFD411,2024,M10,152.670,
WPUFD411,2024,M09,153.874,
WPUFD411,2024,M08,153.154,
WPUFD411,2024,M07,152.723,
WPUFD411,2024,M06,152.786,
WPUFD411,2024,M05,151.808,
WPUFD411,2024,M04,151.930,
WPUFD411,2024,M03,151.967,
WPUFD411,2024,M02,151.032,
WPUFD411,2024,M01,149.471,
WPUFD411,2023,M12,149.449,
WPUFD411,2023,M11,149.927,
WPUFD411,2023,M10,148.751,
WPUFD411,2023,M09,149.523,
WPUFD411,2023,M08,149.563,
WPUFD411,2023,M07,150.112,
WPUFD411,2023,M06,150.646,
WPUFD411,2023,M05,150.424,
WPUFD411,2023,M04,151.617,
WPUFD411,2023,M03,151.531,
WPUFD411,2023,M02,150.769,
WPUFD411,2023,M01,154.116,
WPUFD411,2022,M12,155.865,
WPUFD411,2022,M11,157.412,
WPUFD411,2022,M10,152.417,
WPUFD411,2022,M09,151.972,
WPUFD411,2022,M08,150.699,
WPUFD411,2022,M07,150.875,
WPUFD411,2022,M06,150.025,
WPUFD411,2022,M05,149.506,
WPUFD411,2022,M04,147.989,
WPUFD411,2022,M03,144.974,
WPUFD411,2022,M02,141.307,
WPUFD411,2022,M01,138.547,
WPUFD411,2021,M12,136.416,
WPUFD411,2021,M11,136.564,
WPUFD411,2021,M10,134.929,
WPUFD411,2021,M09,135.703,
WPUFD411,2021,M08,133.625,
WPUFD411,2021,M07,131.119,
WPUFD411,2021,M06,133.4,
WPUFD411,2021,M05,131.6,
WPUFD411,2021,M04,127.3,
WPUFD411,2021,M03,124.9,
WPUFD411,2021,M02,124.0,
WPUFD411,2021,M01,122.4,
WPUFD411,2020,M12,120.6,
WPUFD411,2020,M11,122.1,
WPUFD411,2020,M10,122.0,
WPUFD411,2020,M09,119.8,
WPUFD411,2020,M08,118.3,
WPUFD411,2020,M07,118.8,
WPUFD411,2020,M06,120.3,
WPUFD411,2020,M05,126.2,
WPUFD411,2020,M04,118.6,
WPUFD411,2020,M03,118.8,
WPUFD411,2020,M02,118.7,
WPUFD411,2020,M01,120.9,
WPUFD411,2019,M12,120.8,
WPUFD411,2019,M11,121.0,
WPUFD411,2019,M10,119.4,
WPUFD411,2019,M09,118.3,
WPUFD411,2019,M08,118.4,
WPUFD411,2019,M07,119.3,
WPUFD411,2019,M06,119.6,
WPUFD411,2019,M05,118.5,
WPUFD411,2019,M04,118.2,
WPUFD411,2019,M03,118.0,
WPUFD411,2019,M02,117.4,
WPUFD411,2019,M01,117.6,
WPUFD411,2018,M12,119.4,
WPUFD411,2018,M11,117.0,
WPUFD411,2018,M10,115.7,
WPUFD411,2018,M09,115.2,
WPUFD411,2018,M08,115.7,
WPUFD411,2018,M07,116.3,
WPUFD411,2018,M06,116.9,
WPUFD411,2018,M05,117.8,
WPUFD411,2018,M04,116.8,
WPUFD411,2018,M03,118.0,
WPUFD411,2018,M02,115.5,
WPUFD411,2018,M01,116.1,
WPUFD411,2017,M12,116.2,
WPUFD411,2017,M11,116.5,
WPUFD411,2017,M10,116.4,
WPUFD411,2017,M09,116.6,
WPUFD411,2017,M08,117.0,
WPUFD411,2017,M07,117.8,
WPUFD411,2017,M06,118.2,
WPUFD411,2017,M05,117.1,
WPUFD411,2017,M04,117.5,
WPUFD411,2017,M03,115.8,
WPUFD411,2017,M02,114.8,
WPUFD411,2017,M01,113.9,
WPUFD411,2016,M12,113.9,
WPUFD411,2016,M11,112.9,
WPUFD411,2016,M10,113.5,
WPUFD411,2016,M09,114.8,
WPUFD411,2016,M08,114.4,
WPUFD411,2016,M07,115.9,
WPUFD411,2016,M06,116.9,
WPUFD411,2016,M05,115.9,
WPUFD411,2016,M04,115.0,
WPUFD411,2016,M03,115.1,
WPUFD411,2016,M02,116.4,
WPUFD411,2016,M01,116.4,
WPUFD411,2015,M12,115.8,
WPUFD411,2015,M11,117.0,
WPUFD411,2015,M10,117.3,
WPUFD411,2015,M09,118.5,
WPUFD411,2015,M08,119.3,
WPUFD411,2015,M07,119.0,
WPUFD411,2015,M06,119.8,
WPUFD411,2015,M05,118.9,
WPUFD411,2015,M04,117.5,
WPUFD411,2015,M03,118.1,
WPUFD411,2015,M02,118.8,
WPUFD411,2015,M01,120.6,
WPUFD411,2014,M12,122.1,
WPUFD411,2014,M11,122.3,
WPUFD411,2014,M10,122.4,
WPUFD411,2014,M09,122.2,
WPUFD411,2014,M08,122.5,
WPUFD411,2014,M07,123.0,
WPUFD411,2014,M06,123.1,
WPUFD411,2014,M05,122.6,
WPUFD411,2014,M04,123.0,
WPUFD411,2014,M03,120.0,
WPUFD411,2014,M02,118.1,
WPUFD411,2014,M01,117.6,
WPUFD411,2013,M12,117.0,
WPUFD411,2013,M11,117.2,
WPUFD411,2013,M10,117.3,
WPUFD411,2013,M09,117.6,
WPUFD411,2013,M08,118.0,
WPUFD411,2013,M07,118.7,
WPUFD411,2013,M06,118.6,
WPUFD411,2013,M05,118.3,
WPUFD411,2013,M04,117.0,
WPUFD411,2013,M03,118.6,
WPUFD411,2013,M02,117.3,
WPUFD411,2013,M01,118.4,
WPUFD411,2012,M12,118.0,
WPUFD411,2012,M11,118.3,
WPUFD411,2012,M10,117.5,
WPUFD411,2012,M09,118.0,
WPUFD411,2012,M08,117.4,
WPUFD411,2012,M07,116.1,
WPUFD411,2012,M06,114.9,
WPUFD411,2012,M05,114.3,
WPUFD411,2012,M04,114.5,
WPUFD411,2012,M03,114.4,
WPUFD411,2012,M02,113.6,
WPUFD411,2012,M01,113.7,
WPUFD411,2011,M12,113.4,
WPUFD411,2011,M11,114.2,
WPUFD411,2011,M10,113.2,
WPUFD411,2011,M09,114.7,
WPUFD411,2011,M08,113.9,
WPUFD411,2011,M07,112.7,
WPUFD411,2011,M06,112.4,
WPUFD411,2011,M05,111.3,
WPUFD411,2011,M04,112.4,
WPUFD411,2011,M03,111.5,
WPUFD411,2011,M02,112.2,
WPUFD411,2011,M01,108.2,
WPU5811,2025,M09,189.487,Preliminary. All indexes are subject to monthly revisions up to four months after original publication.
WPU5811,2025,M08,190.123,Preliminary. All indexes are subject to monthly revisions up to four months after original publication.
WPU5811,2025,M07,192.288,Preliminary. All indexes are subject to monthly revisions up to four months after original publication.
WPU5811,2025,M06,191.304,Preliminary. All indexes are subject to monthly revisions up to four months after original publication.
WPU5811,2025,M05,192.029,
WPU5811,2025,M04,188.140,
WPU5811,2025,M03,183.794,
WPU5811,2025,M02,186.137,
WPU5811,2025,M01,188.862,
WPU5811,2024,M12,180.720,
WPU5811,2024,M11,180.789,
WPU5811,2024,M10,182.159,
WPU5811,2024,M09,178.521,
WPU5811,2024,M08,177.451,
WPU5811,2024,M07,179.453,
WPU5811,2024,M06,183.367,
WPU5811,2024,M05,184.363,
WPU5811,2024,M04,181.519,
WPU5811,2024,M03,179.688,
WPU5811,2024,M02,179.370,
WPU5811,2024,M01,177.344,
WPU5811,2023,M12,173.905,
WPU5811,2023,M11,174.594,
WPU5811,2023,M10,177.424,
WPU5811,2023,M09,177.917,
WPU5811,2023,M08,178.766,
WPU5811,2023,M07,176.709,
WPU5811,2023,M06,179.519,
WPU5811,2023,M05,178.767,
WPU5811,2023,M04,177.382,
WPU5811,2023,M03,178.111,
WPU5811,2023,M02,176.238,
WPU5811,2023,M01,171.081,
WPU5811,2022,M12,169.627,
WPU5811,2022,M11,171.994,
WPU5811,2022,M10,174.267,
WPU5811,2022,M09,168.985,
WPU5811,2022,M08,165.589,
WPU5811,2022,M07,163.343,
WPU5811,2022,M06,160.349,
WPU5811,2022,M05,154.406,
WPU5811,2022,M04,153.636,
WPU5811,2022,M03,151.455,
WPU5811,2022,M02,150.771,
WPU5811,2022,M01,148.546,
WPU5811,2021,M12,144.119,
WPU5811,2021,M11,143.575,
WPU5811,2021,M10,142.468,
WPU5811,2021,M09,141.181,
WPU5811,2021,M08,139.836,
WPU5811,2021,M07,137.038,
WPU5811,2021,M06,135.8,
WPU5811,2021,M05,136.5,
WPU5811,2021,M04,139.1,
WPU5811,2021,M03,136.4,
WPU5811,2021,M02,135.7,
WPU5811,2021,M01,136.6,
WPU5811,2020,M12,133.0,
WPU5811,2020,M11,134.8,
WPU5811,2020,M10,136.6,
WPU5811,2020,M09,134.7,
WPU5811,2020,M08,139.4,
WPU5811,2020,M07,138.1,
WPU5811,2020,M06,135.9,
WPU5811,2020,M05,137.8,
WPU5811,2020,M04,139.9,
WPU5811,2020,M03,137.3,
WPU5811,2020,M02,135.9,
WPU5811,2020,M01,136.7,
WPU5811,2019,M12,134.1,
WPU5811,2019,M11,134.5,
WPU5811,2019,M10,135.4,
WPU5811,2019,M09,135.3,
WPU5811,2019,M08,134.8,
WPU5811,2019,M07,134.0,
WPU5811,2019,M06,134.5,
WPU5811,2019,M05,134.7,
WPU5811,2019,M04,135.1,
WPU5811,2019,M03,135.0,
WPU5811,2019,M02,135.3,
WPU5811,2019,M01,134.0,
WPU5811,2018,M12,132.2,
WPU5811,2018,M11,133.4,
WPU5811,2018,M10,133.9,
WPU5811,2018,M09,131.8,
WPU5811,2018,M08,133.1,
WPU5811,2018,M07,131.2,
WPU5811,2018,M06,132.4,
WPU5811,2018,M05,133.7,
WPU5811,2018,M04,130.5,
WPU5811,2018,M03,130.8,
WPU5811,2018,M02,130.7,
WPU5811,2018,M01,129.8,
WPU5811,2017,M12,127.4,
WPU5811,2017,M11,128.5,
WPU5811,2017,M10,129.2,
WPU5811,2017,M09,131.0,
WPU5811,2017,M08,130.1,
WPU5811,2017,M07,129.7,
WPU5811,2017,M06,129.9,
WPU5811,2017,M05,130.4,
WPU5811,2017,M04,130.5,
WPU5811,2017,M03,132.1,
WPU5811,2017,M02,130.3,
WPU5811,2017,M01,130.0,
WPU5811,2016,M12,129.0,
WPU5811,2016,M11,127.7,
WPU5811,2016,M10,128.5,
WPU5811,2016,M09,130.5,
WPU5811,2016,M08,129.1,
WPU5811,2016,M07,130.2,
WPU5811,2016,M06,129.3,
WPU5811,2016,M05,130.6,
WPU5811,2016,M04,130.3,
WPU5811,2016,M03,129.9,
WPU5811,2016,M02,129.2,
WPU5811,2016,M01,130.1,
WPU5811,2015,M12,130.1,
WPU5811,2015,M11,127.6,
WPU5811,2015,M10,128.1,
WPU5811,2015,M09,126.2,
WPU5811,2015,M08,126.4,
WPU5811,2015,M07,127.0,
WPU5811,2015,M06,127.2,
WPU5811,2015,M05,127.7,
WPU5811,2015,M04,124.0,
WPU5811,2015,M03,123.8,
WPU5811,2015,M02,124.9,
WPU5811,2015,M01,124.3,
WPU5811,2014,M12,122.6,
WPU5811,2014,M11,124.1,
WPU5811,2014,M10,124.8,
WPU5811,2014,M09,120.2,
WPU5811,2014,M08,119.6,
WPU5811,2014,M07,121.7,
WPU5811,2014,M06,121.3,
WPU5811,2014,M05,121.7,
WPU5811,2014,M04,118.1,
WPU5811,2014,M03,116.1,
WPU5811,2014,M02,116.4,
WPU5811,2014,M01,115.1,
WPU5811,2013,M12,113.0,
WPU5811,2013,M11,115.2,
WPU5811,2013,M10,117.7,
WPU5811,2013,M09,115.4,
WPU5811,2013,M08,115.7,
WPU5811,2013,M07,116.2,
WPU5811,2013,M06,114.2,
WPU5811,2013,M05,114.1,
WPU5811,2013,M04,116.5,
WPU5811,2013,M03,115.9,
WPU5811,2013,M02,114.7,
WPU5811,2013,M01,112.5,
WPU5811,2012,M12,111.9,
WPU5811,2012,M11,112.5,
WPU5811,2012,M10,115.0,
WPU5811,2012,M09,114.4,
WPU5811,2012,M08,113.7,
WPU5811,2012,M07,114.6,
WPU5811,2012,M06,113.2,
WPU5811,2012,M05,112.3,
WPU5811,2012,M04,112.0,
WPU5811,2012,M03,111.6,
WPU5811,2012,M02,111.6,
WPU5811,2012,M01,109.0,
WPU5811,2011,M12,107.0,
WPU5811,2011,M11,106.9,
WPU5811,2011,M10,109.0,
WPU5811,2011,M09,108.6,
WPU5811,2011,M08,109.6,
WPU5811,2011,M07,109.1,
WPU5811,2011,M06,108.5,
WPU5811,2011,M05,106.0,
WPU5811,2011,M04,106.8,
WPU5811,2011,M03,107.2,
WPU5811,2011,M02,107.1,
WPU5811,2011,M01,104.8,
PCU445110445110,2025,M09,288.171,Preliminary. All indexes are subject to monthly revisions up to four months after original publication.
PCU445110445110,2025,M08,283.779,Preliminary. All indexes are subject to monthly revisions up to four months after original publication.
PCU445110445110,2025,M07,285.084,Preliminary. All indexes are subject to monthly revisions up to four months after original publication.
PCU445110445110,2025,M06,287.765,Preliminary. All indexes are subject to monthly revisions up to four months after original publication.
PCU445110445110,2025,M05,289.379,
PCU445110445110,2025,M04,291.601,
PCU445110445110,2025,M03,285.200,
PCU445110445110,2025,M02,293.097,
PCU445110445110,2025,M01,291.471,
PCU445110445110,2024,M12,276.134,
PCU445110445110,2024,M11,278.045,
PCU445110445110,2024,M10,278.592,
PCU445110445110,2024,M09,275.649,
PCU445110445110,2024,M08,273.987,
PCU445110445110,2024,M07,275.162,
PCU445110445110,2024,M06,281.629,
PCU445110445110,2024,M05,282.273,
PCU445110445110,2024,M04,278.678,
PCU445110445110,2024,M03,279.014,
PCU445110445110,2024,M02,274.412,
PCU445110445110,2024,M01,277.428,
PCU445110445110,2023,M12,269.781,
PCU445110445110,2023,M11,273.022,
PCU445110445110,2023,M10,273.994,
PCU445110445110,2023,M09,273.579,
PCU445110445110,2023,M08,272.667,
PCU445110445110,2023,M07,266.790,
PCU445110445110,2023,M06,271.036,
PCU445110445110,2023,M05,267.525,
PCU445110445110,2023,M04,267.356,
PCU445110445110,2023,M03,267.350,
PCU445110445110,2023,M02,263.912,
PCU445110445110,2023,M01,261.250,
PCU445110445110,2022,M12,255.255,
PCU445110445110,2022,M11,259.741,
PCU445110445110,2022,M10,262.530,
PCU445110445110,2022,M09,251.248,
PCU445110445110,2022,M08,247.153,
PCU445110445110,2022,M07,242.505,
PCU445110445110,2022,M06,247.067,
PCU445110445110,2022,M05,238.946,
PCU445110445110,2022,M04,234.689,
PCU445110445110,2022,M03,231.112,
PCU445110445110,2022,M02,228.134,
PCU445110445110,2022,M01,230.005,
PCU445110445110,2021,M12,222.520,
PCU445110445110,2021,M11,220.922,
PCU445110445110,2021,M10,220.918,
PCU445110445110,2021,M09,217.862,
PCU445110445110,2021,M08,216.455,
PCU445110445110,2021,M07,210.333,
PCU445110445110,2021,M06,211.4,
PCU445110445110,2021,M05,211.2,
PCU445110445110,2021,M04,216.7,
PCU445110445110,2021,M03,213.9,
PCU445110445110,2021,M02,213.1,
PCU445110445110,2021,M01,213.2,
PCU445110445110,2020,M12,208.8,
PCU445110445110,2020,M11,211.9,
PCU445110445110,2020,M10,213.8,
PCU445110445110,2020,M09,208.9,
PCU445110445110,2020,M08,216.1,
PCU445110445110,2020,M07,214.5,
PCU445110445110,2020,M06,208.9,
PCU445110445110,2020,M05,215.1,
PCU445110445110,2020,M04,219.2,
PCU445110445110,2020,M03,217.3,
PCU445110445110,2020,M02,213.1,
PCU445110445110,2020,M01,209.4,
PCU445110445110,2019,M12,205.0,
PCU445110445110,2019,M11,206.5,
PCU445110445110,2019,M10,205.7,
PCU445110445110,2019,M09,205.2,
PCU445110445110,2019,M08,203.4,
PCU445110445110,2019,M07,202.7,
PCU445110445110,2019,M06,204.7,
PCU445110445110,2019,M05,204.3,
PCU445110445110,2019,M04,205.5,
PCU445110445110,2019,M03,206.2,
PCU445110445110,2019,M02,204.5,
PCU445110445110,2019,M01,198.2,
PCU445110445110,2018,M12,198.3,
PCU445110445110,2018,M11,201.5,
PCU445110445110,2018,M10,207.4,
PCU445110445110,2018,M09,199.5,
PCU445110445110,2018,M08,202.0,
PCU445110445110,2018,M07,199.2,
PCU445110445110,2018,M06,201.5,
PCU445110445110,2018,M05,202.4,
PCU445110445110,2018,M04,197.2,
PCU445110445110,2018,M03,199.9,
PCU445110445110,2018,M02,199.8,
PCU445110445110,2018,M01,195.0,
PCU445110445110,2017,M12,190.3,
PCU445110445110,2017,M11,193.0,
PCU445110445110,2017,M10,194.9,
PCU445110445110,2017,M09,196.9,
PCU445110445110,2017,M08,193.1,
PCU445110445110,2017,M07,193.1,
PCU445110445110,2017,M06,194.2,
PCU445110445110,2017,M05,193.9,
PCU445110445110,2017,M04,195.9,
PCU445110445110,2017,M03,195.4,
PCU445110445110,2017,M02,193.8,
PCU445110445110,2017,M01,193.2,
PCU445110445110,2016,M12,192.4,
PCU445110445110,2016,M11,191.9,
PCU445110445110,2016,M10,191.7,
PCU445110445110,2016,M09,192.5,
PCU445110445110,2016,M08,191.7,
PCU445110445110,2016,M07,193.8,
PCU445110445110,2016,M06,193.9,
PCU445110445110,2016,M05,195.0,
PCU445110445110,2016,M04,193.6,
PCU445110445110,2016,M03,191.9,
PCU445110445110,2016,M02,191.5,
PCU445110445110,2016,M01,193.0,
PCU445110445110,2015,M12,193.8,
PCU445110445110,2015,M11,188.1,
PCU445110445110,2015,M10,189.5,
PCU445110445110,2015,M09,187.4,
PCU445110445110,2015,M08,185.9,
PCU445110445110,2015,M07,186.0,
PCU445110445110,2015,M06,186.6,
PCU445110445110,2015,M05,186.0,
PCU445110445110,2015,M04,181.4,
PCU445110445110,2015,M03,180.9,
PCU445110445110,2015,M02,183.6,
PCU445110445110,2015,M01,182.4,
PCU445110445110,2014,M12,179.8,
PCU445110445110,2014,M11,179.4,
PCU445110445110,2014,M10,181.3,
PCU445110445110,2014,M09,175.7,
PCU445110445110,2014,M08,176.1,
PCU445110445110,2014,M07,177.2,
PCU445110445110,2014,M06,179.2,
PCU445110445110,2014,M05,177.7,
PCU445110445110,2014,M04,174.8,
PCU445110445110,2014,M03,170.9,
PCU445110445110,2014,M02,171.7,
PCU445110445110,2014,M01,168.3,
PCU445110445110,2013,M12,167.2,
PCU445110445110,2013,M11,168.4,
PCU445110445110,2013,M10,173.0,
PCU445110445110,2013,M09,171.8,
PCU445110445110,2013,M08,170.0,
PCU445110445110,2013,M07,171.1,
PCU445110445110,2013,M06,166.0,
PCU445110445110,2013,M05,164.9,
PCU445110445110,2013,M04,167.0,
PCU445110445110,2013,M03,169.5,
PCU445110445110,2013,M02,169.1,
PCU445110445110,2013,M01,166.2,
PCU445110445110,2012,M12,164.9,
PCU445110445110,2012,M11,165.0,
PCU445110445110,2012,M10,163.4,
PCU445110445110,2012,M09,164.0,
PCU445110445110,2012,M08,162.1,
PCU445110445110,2012,M07,162.4,
PCU445110445110,2012,M06,163.6,
PCU445110445110,2012,M05,165.6,
PCU445110445110,2012,M04,163.6,
PCU445110445110,2012,M03,164.0,
PCU445110445110,2012,M02,164.2,
PCU445110445110,2012,M01,161.7,
PCU445110445110,2011,M12,156.3,
PCU445110445110,2011,M11,157.8,
PCU445110445110,2011,M10,158.2,
PCU445110445110,2011,M09,159.5,
PCU445110445110,2011,M08,160.7,
PCU445110445110,2011,M07,155.4,
PCU445110445110,2011,M06,156.6,
PCU445110445110,2011,M05,154.6,
PCU445110445110,2011,M04,153.8,
PCU445110445110,2011,M03,155.8,
PCU445110445110,2011,M02,156.1,
PCU445110445110,2011,M01,154.5,
